web_scraper_order,web_scraper_start_url,pagination,data,data2,data3,data4,data5,data6,data7,data8,data9,data10,data11,name,name2,name3,name4,name5,name6,name7,name8,name9,name10,data12,data13,data14,data15,data16,data17,data18,data19,data20,data21,data22,image,image2,image3,image4,image5,image6,image7,image8,image9,image10,image11
"1790749741-1","https://www.amazon.com/gp/video/storefront","","Free action and adventure movies","MOST LIKED","MOST LIKED","MOST LIKED","MOST REWATCHED","","","MOST LIKED","","","","Damaged","Sing 2","Hercules (2014)","Robocop (2014)","Hotel Transylvania: Transformania","One for the Money","The Tomorrow War","Killers","The House Next Door: Meet the Blacks 2","Never Back Down","","","","","","","","","","","See more","","https://m.media-amazon.com/images/S/pv-target-images/611737c4d11a0ef533f4ebe87dbfef8d8ead77644313efdaa4dab85ec876398d._UR1920,1080_CLs%7C1920,1080%7C/G/bundle/BottomRightCardGradient16x9.png,/G/01/digital/video/merch/subs/benefit-id/a-f/freewithads/logos/channels-logo-white.png%7C0,0,1920,1080+0,0,1920,1080+1578,847,263,156_kv053498f62d21803ffcbf28da234cfe9f_SX624_FMjpg_.jpg","https://m.media-amazon.com/images/S/pv-target-images/3601d630d08ca56314fcc4a7a5548d4f5589d3b5154167936574dd02b4d31a1b._UR1920,1080_CLs%7C1920,1080%7C/G/bundle/BottomRightCardGradient16x9.png,/G/01/digital/video/merch/subs/benefit-id/a-f/freewithads/logos/channels-logo-white.png%7C0,0,1920,1080+0,0,1920,1080+1578,847,263,156_kv053498f62d21803ffcbf28da234cfe9f_SX624_FMjpg_.jpg","https://m.media-amazon.com/images/S/pv-target-images/68d9698d18c528edb7ebc0e86387391e961a92743566da867d7cdfa00e7c8663._UR1920,1080_CLs%7C1920,1080%7C/G/bundle/BottomRightCardGradient16x9.png,/G/01/digital/video/merch/subs/benefit-id/a-f/freewithads/logos/channels-logo-white.png%7C0,0,1920,1080+0,0,1920,1080+1578,847,263,156_kv053498f62d21803ffcbf28da234cfe9f_SX624_FMjpg_.jpg","https://m.media-amazon.com/images/S/pv-target-images/bfaf68a9b1f26de5c2ae7e6b132f48056b12392bf62d5e52a2251d6eca8eb390._UR1920,1080_CLs%7C1920,1080%7C/G/bundle/BottomRightCardGradient16x9.png,/G/01/digital/video/merch/subs/benefit-id/a-f/freewithads/logos/channels-logo-white.png%7C0,0,1920,1080+0,0,1920,1080+1578,847,263,156_kv053498f62d21803ffcbf28da234cfe9f_SX624_FMjpg_.jpg","https://m.media-amazon.com/images/S/pv-target-images/b48eea04ea5b68a7a67e1a983a6f6de088d8e1eecda2e66ed1b2d66e677b56dc._UR1920,1080_CLs%7C1920,1080%7C/G/bundle/BottomRightCardGradient16x9.png,/G/01/digital/video/merch/subs/benefit-id/a-f/freewithads/logos/channels-logo-white.png%7C0,0,1920,1080+0,0,1920,1080+1578,847,263,156_kv053498f62d21803ffcbf28da234cfe9f_SX624_FMpng_.png","https://m.media-amazon.com/images/S/pv-target-images/13156f0fe24f9937954233e73fa590fc5e38dce1014bdea6e129c2142b200b58._UR1920,1080_CLs%7C1920,1080%7C/G/bundle/BottomRightCardGradient16x9.png,/G/01/digital/video/merch/subs/benefit-id/a-f/freewithads/logos/channels-logo-white.png%7C0,0,1920,1080+0,0,1920,1080+1578,847,263,156_kv053498f62d21803ffcbf28da234cfe9f_SX624_FMjpg_.jpg","https://m.media-amazon.com/images/S/pv-target-images/33a83055d8f3773dc3ad9f4f2180bff71257dcd02cc1bdb18b4569e7f942bd15._UR1920,1080_CLs%7C1920,1080%7C/G/bundle/BottomRightCardGradient16x9.png,/G/01/digital/video/merch/subs/benefit-id/a-f/freewithads/logos/channels-logo-white.png%7C0,0,1920,1080+0,0,1920,1080+1578,847,263,156_kv053498f62d21803ffcbf28da234cfe9f_SX624_FMpng_.png","https://m.media-amazon.com/images/S/pv-target-images/ed55d7630e07c19c8057c0d85aed3413b29f9f8be5327dd5db9b02d3f8d8faf3._UR1920,1080_CLs%7C1920,1080%7C/G/bundle/BottomRightCardGradient16x9.png,/G/01/digital/video/merch/subs/benefit-id/a-f/freewithads/logos/channels-logo-white.png%7C0,0,1920,1080+0,0,1920,1080+1578,847,263,156_kv053498f62d21803ffcbf28da234cfe9f_SX624_FMjpg_.jpg","https://m.media-amazon.com/images/S/pv-target-images/414aa7abec4cc9cfbf954418bebe2c88fbfcf91fa3d65f9e8828950869498153._UR1920,1080_CLs%7C1920,1080%7C/G/bundle/BottomRightCardGradient16x9.png,/G/01/digital/video/merch/subs/benefit-id/a-f/freewithads/logos/channels-logo-white.png%7C0,0,1920,1080+0,0,1920,1080+1578,847,263,156_kv053498f62d21803ffcbf28da234cfe9f_SX624_FMjpg_.jpg","https://m.media-amazon.com/images/S/pv-target-images/c4e289d72aea2101954bc9a41e9f9ee017c3b61bf2c4f5b8405c6bba95aaaa61._UR1920,1080_CLs%7C1920,1080%7C/G/bundle/BottomRightCardGradient16x9.png,/G/01/digital/video/merch/subs/benefit-id/a-f/freewithads/logos/channels-logo-white.png%7C0,0,1920,1080+0,0,1920,1080+1578,847,263,156_kv053498f62d21803ffcbf28da234cfe9f_SX624_FMpng_.png"
"1790749741-2","https://www.amazon.com/gp/video/storefront","","On now","ON NOW","ON NOW","ON NOW","ON NOW","ON NOW","ON NOW","ON NOW","","ON NOW","ON NOW","","","","","","","","","","","Oregon Public Broadcasting (PBS KOPB)","Dateline 24/7","BET x Tyler Perry Comedy","The First 48 by A&E","Judy Justice","Murder, She Wrote","ION","The Incredible Dr. Pol","Ben Azelart","","","","https://m.media-amazon.com/images/I/815hNVFv2IL._UR1920,1080_FMpng_SX624_FMjpg_.jpg","https://m.media-amazon.com/images/I/B1C7ORKYEnL._UR1920,1080_FMpng_SX624_FMjpg_.jpg","https://m.media-amazon.com/images/I/C1TX8+JkInL._UR1920,1080_FMpng_SX624_FMjpg_.jpg","https://m.media-amazon.com/images/I/B1Htlj7I1CL._UR1920,1080_FMpng_SX624_FMjpg_.jpg","https://m.media-amazon.com/images/I/C1Mm9wRtmNL._UR1920,1080_FMpng_SX624_FMjpg_.jpg","https://m.media-amazon.com/images/I/919mRo0ClwL._UR1920,1080_FMpng_SX624_FMjpg_.jpg","https://m.media-amazon.com/images/I/911hJNVsm-L._UR1920,1080_FMpng_SX624_FMjpg_.jpg","https://m.media-amazon.com/images/I/81CJZf4R4VL._UR1920,1080_FMpng_SX624_FMjpg_.jpg","https://m.media-amazon.com/images/I/D13RehVjQOL._UR1920,1080_FMpng_SX624_FMpng_.png",""
"1790749741-3","https://www.amazon.com/gp/video/storefront","","Featured Originals and Exclusives","","","","","","","","","","","","","","","","","","","","","","","","","","","","","","","See more","","","","","","","","","","",""
"1790749741-4","https://www.amazon.com/gp/video/storefront","","Live: Comedy TV","ON NOW","ON NOW","ON NOW","ON NOW","ON NOW","ON NOW","ON NOW","","ON NOW","ON NOW","","","","","","","","","","","NBC Comedy Vault","Danny Duncan","Animation+","According to Jim","MadTV","Retro Black Laughs","Whose Line Is It Anyway","Home Improvement","The Bernie Mac Show","","","","https://m.media-amazon.com/images/I/B11034pvRdL._UR1920,1080_FMpng_SX624_FMjpg_.jpg","https://m.media-amazon.com/images/I/C1qGrDMmLxL._UR1920,1080_FMpng_SX624_FMpng_.png","https://m.media-amazon.com/images/I/B1a6RX4dyiL._UR1920,1080_FMpng_SX624_FMpng_.png","https://m.media-amazon.com/images/I/A1uTCJLdL0L._UR1920,1080_FMpng_SX624_FMjpg_.jpg","https://m.media-amazon.com/images/I/B1JFZ1HIqML._UR1920,1080_FMpng_SX624_FMjpg_.jpg","https://m.media-amazon.com/images/I/A1FcYM+me8L._UR1920,1080_FMpng_SX624_FMjpg_.jpg","https://m.media-amazon.com/images/I/91Z3k1fvxpL._UR1920,1080_FMpng_SX624_FMjpg_.jpg","https://m.media-amazon.com/images/I/81RHVytm0BL._UR1920,1080_FMpng_SX624_FMjpg_.jpg","https://m.media-amazon.com/images/I/91hslekmDQL._UR1920,1080_FMpng_SX624_FMjpg_.jpg",""
"1790749741-5","https://www.amazon.com/gp/video/storefront","","Drama TV","NEW SEASON","DEAL","NEW SERIES","TRENDING","TRENDING","","NEW SERIES","","TRENDING","","Blue Ridge: The Series","Gilmore Girls","The Pendragon Cycle: Rise of the Merlin","MobLand","Person of Interest","When Calls the Heart","A Love Other Than Yours","The Chosen","The Boys","","","","","","","","","","","","See more","","https://m.media-amazon.com/images/S/pv-target-images/f298236d963bfd2c77ae46c751ed80ae05b87dd62137dbeec485f30a34735d8f._UR1920,1080_CLs%7C1920,1080%7C/G/bundle/BottomRightCardGradient16x9.png,/G/01/digital/video/merch/subs/benefit-id/m-r/Prime/logos/channels-logo-white.png%7C0,0,1920,1080+0,0,1920,1080+1578,847,263,156_kvf21cb47db8d34aa971cd86f57a65cf8d_SX624_FMjpg_.jpg","https://m.media-amazon.com/images/S/pv-target-images/87217fe082444f4c33de922cc4671fb1f307036896bdc2fc20fb3eff135865a5._UR1920,1080_CLs%7C1920,1080%7C/G/bundle/BottomRightCardGradient16x9.png,/G/01/digital/video/merch/subs/benefit-id/m-r/Prime/logos/channels-logo-white.png%7C0,0,1920,1080+0,0,1920,1080+1578,847,263,156_kvf21cb47db8d34aa971cd86f57a65cf8d_SX624_FMjpg_.jpg","https://m.media-amazon.com/images/S/pv-target-images/a35b9ca1815b8a24f88dc7a8c45b2970a854e0b792318a684e10ec4e5b8a394b._UR1920,1080_CLs%7C1920,1080%7C/G/bundle/BottomRightCardGradient16x9.png,/G/01/digital/video/merch/subs/benefit-id/m-r/Prime/logos/channels-logo-white.png%7C0,0,1920,1080+0,0,1920,1080+1578,847,263,156_kvf21cb47db8d34aa971cd86f57a65cf8d_SX624_FMjpg_.jpg","https://m.media-amazon.com/images/S/pv-target-images/a266d7e0ba27ffb9a9ce1cf2a1b794454da972d6d12de2d0bc30c42cda343d60._UR1920,1080_CLs%7C1920,1080%7C/G/bundle/BottomRightCardGradient16x9.png,/G/01/digital/video/merch/subs/benefit-id/a-f/cbsaacf/logos/channels-logo-white-stacked.png%7C0,0,1920,1080+0,0,1920,1080+1346,885,495,117_kv4600e6e6b6650a7b1b1d469e8b864fb4_SX624_FMjpg_.jpg","https://m.media-amazon.com/images/S/pv-target-images/c1246bf9e38fa2680aaa2e9d4343efcd465f3fbdf6fc7e93c07fb17aed7ecc91._UR1920,1080_CLs%7C1920,1080%7C/G/bundle/BottomRightCardGradient16x9.png,/G/01/digital/video/merch/subs/benefit-id/m-r/Prime/logos/channels-logo-white.png%7C0,0,1920,1080+0,0,1920,1080+1578,847,263,156_kvf21cb47db8d34aa971cd86f57a65cf8d_SX624_FMjpg_.jpg","https://m.media-amazon.com/images/S/pv-target-images/beae00f0926677c4e4e47ffa7adaa087b39a536a0bd4a66b4ed8b88c23242dc6._UR1920,1080_CLs%7C1920,1080%7C/G/bundle/BottomRightCardGradient16x9.png,/G/01/digital/video/merch/subs/benefit-id/g-l/hallmark/logos/channels-logo-white-stacked.png%7C0,0,1920,1080+0,0,1920,1080+1395,847,446,156_kv1e5e39d98b2fdde674bf653ef12c5f74_SX624_FMjpg_.jpg","https://m.media-amazon.com/images/S/pv-target-images/75da30861e6030ac528982d623d1cd7eec9beffb9cf16d3dc94daa9c3bfd9cd9._UR1920,1080_CLs%7C1920,1080%7C/G/bundle/BottomRightCardGradient16x9.png,/G/01/digital/video/merch/subs/benefit-id/m-r/Prime/logos/channels-logo-white.png%7C0,0,1920,1080+0,0,1920,1080+1578,847,263,156_kvf21cb47db8d34aa971cd86f57a65cf8d_SX624_FMjpg_.jpg","https://m.media-amazon.com/images/S/pv-target-images/547ec47f19e54063c3f3a89fa4d78952f77618c30a5c0bb3de5999f167187f3b._UR1920,1080_CLs%7C1920,1080%7C/G/bundle/BottomRightCardGradient16x9.png,/G/01/digital/video/merch/subs/benefit-id/m-r/Prime/logos/channels-logo-white.png%7C0,0,1920,1080+0,0,1920,1080+1578,847,263,156_kvf21cb47db8d34aa971cd86f57a65cf8d_SX624_FMjpg_.jpg","https://m.media-amazon.com/images/S/pv-target-images/1c13edf38c363925792abae8e8becd02cb47708e8b0d93a696ca667e0c77c18a._UR1920,1080_CLs%7C1920,1080%7C/G/bundle/BottomRightCardGradient16x9.png,/G/01/digital/video/merch/subs/benefit-id/m-r/Prime/logos/channels-logo-white.png%7C0,0,1920,1080+0,0,1920,1080+1578,847,263,156_kvf21cb47db8d34aa971cd86f57a65cf8d_SX624_FMjpg_.jpg",""
"1790749741-6","https://www.amazon.com/gp/video/storefront","","Live: True crime TV","ON NOW","ON NOW","ON NOW","ON NOW","ON NOW","ON NOW","ON NOW","","ON NOW","ON NOW","","","","","","","","","","","Live PD Presents","Oxygen True Crime Archives","Forensic Files","48 Hours","I  (Almost) Got Away With It","TV One Crime & Justice","American Crimes","Cold Case Files","Love Kills","","","","https://m.media-amazon.com/images/I/A1MdTZwCbpL._UR1920,1080_FMpng_SX624_FMjpg_.jpg","https://m.media-amazon.com/images/I/814duKc+05L._UR1920,1080_FMpng_SX624_FMjpg_.jpg","https://m.media-amazon.com/images/I/A1KSHvosqPL._UR1920,1080_FMpng_SX624_FMjpg_.jpg","https://m.media-amazon.com/images/I/B1TLZkoQkHL._UR1920,1080_FMpng_SX624_FMjpg_.jpg","https://m.media-amazon.com/images/I/A1lniOKEs1L._UR1920,1080_FMpng_SX624_FMjpg_.jpg","https://m.media-amazon.com/images/I/A15ACSVgazL._UR1920,1080_FMpng_SX624_FMjpg_.jpg","https://m.media-amazon.com/images/I/B1IcCCPTFFL._UR1920,1080_FMpng_SX624_FMjpg_.jpg","https://m.media-amazon.com/images/I/81-13ZTU71L._UR1920,1080_FMpng_SX624_FMjpg_.jpg","https://m.media-amazon.com/images/I/B1GTL2CRkXL._UR1920,1080_FMpng_SX624_FMjpg_.jpg",""
"1790749741-7","https://www.amazon.com/gp/video/storefront","","Live: Drama TV","ON NOW","ON NOW","ON NOW","ON NOW","ON NOW","ON NOW","ON NOW","","ON NOW","ON NOW","","","","","","","","","","","ION Mystery","BET x Tyler Perry Drama","Las Vegas","Heartland","Murdoch Mysteries","Highway to Heaven","PBS Drama","Crime ThrillHer","Teen Wolf","","","","https://m.media-amazon.com/images/I/B1DO9M-9k+L._UR1920,1080_FMpng_SX624_FMjpg_.jpg","https://m.media-amazon.com/images/I/91ceYpxSi0L._UR1920,1080_FMpng_SX624_FMjpg_.jpg","https://m.media-amazon.com/images/I/B1stNxtDi1L._UR1920,1080_FMpng_SX624_FMjpg_.jpg","https://m.media-amazon.com/images/I/91X6Ok-LJ3L._UR1920,1080_FMpng_SX624_FMjpg_.jpg","https://m.media-amazon.com/images/I/81H7VzlPBKL._UR1920,1080_FMpng_SX624_FMjpg_.jpg","https://m.media-amazon.com/images/I/71sMvVpb58L._UR1920,1080_FMpng_SX624_FMjpg_.jpg","https://m.media-amazon.com/images/I/9104PW4oS8L._UR1920,1080_FMpng_SX624_FMjpg_.jpg","https://m.media-amazon.com/images/I/B1SDiJ6eunL._UR1920,1080_FMpng_SX624_FMjpg_.jpg","https://m.media-amazon.com/images/I/81tGG2XkksL._UR1920,1080_FMpng_SX624_FMjpg_.jpg",""
"1790749741-8","https://www.amazon.com/gp/video/storefront","","Top 10 in the US","NEW SERIES","NEW MOVIE","","","NEW SERIES","","NEW SEASON","","NEW MOVIE","","Neagley","The Love Hypothesis","Reacher","Sterling Point","Off Campus","The Pendragon Cycle: Rise of the Merlin","Blue Ridge: The Series","You+Me - Against the World","Extinct","Judy Justice","","","","","","","","","","","","","https://m.media-amazon.com/images/S/pv-target-images/ce3e5aa815c80d15c7099e67285989f1190a54d463b286d66cb2a93fabab95bb._UR1920,1080_CLs%7C1920,1080%7C/G/bundle/BottomRightCardGradient16x9.png,/G/01/digital/video/merch/subs/benefit-id/m-r/Prime/logos/channels-logo-white.png%7C0,0,1920,1080+0,0,1920,1080+1578,847,263,156_kvf21cb47db8d34aa971cd86f57a65cf8d_SX624_FMjpg_.jpg","https://m.media-amazon.com/images/S/pv-target-images/caab42af1a1529f261a51a499ef8485ca9c876467c7f546dc3c89e9368233c79._UR1920,1080_CLs%7C1920,1080%7C/G/bundle/BottomRightCardGradient16x9.png,/G/01/digital/video/merch/subs/benefit-id/m-r/Prime/logos/channels-logo-white.png%7C0,0,1920,1080+0,0,1920,1080+1578,847,263,156_kvf21cb47db8d34aa971cd86f57a65cf8d_SX624_FMjpg_.jpg","https://m.media-amazon.com/images/S/pv-target-images/cb4125e117c4482290510c6bb17fbb7d4fcebdfc4a7b5be2030b13646d4762d7._UR1920,1080_CLs%7C1920,1080%7C/G/bundle/BottomRightCardGradient16x9.png,/G/01/digital/video/merch/subs/benefit-id/m-r/Prime/logos/channels-logo-white.png%7C0,0,1920,1080+0,0,1920,1080+1578,847,263,156_kvf21cb47db8d34aa971cd86f57a65cf8d_SX624_FMjpg_.jpg","https://m.media-amazon.com/images/S/pv-target-images/f50e4e35dca855055fb86abb2adea6d751875c0b61a7de32fb457cdf4f0ca5e7._UR1920,1080_CLs%7C1920,1080%7C/G/bundle/BottomRightCardGradient16x9.png,/G/01/digital/video/merch/subs/benefit-id/m-r/Prime/logos/channels-logo-white.png%7C0,0,1920,1080+0,0,1920,1080+1578,847,263,156_kvf21cb47db8d34aa971cd86f57a65cf8d_SX624_FMjpg_.jpg","https://m.media-amazon.com/images/S/pv-target-images/8027fe1fcc5cba00727b0332335ffa165a7b87b4979dbd72e07009300217a69c._UR1920,1080_CLs%7C1920,1080%7C/G/bundle/BottomRightCardGradient16x9.png,/G/01/digital/video/merch/subs/benefit-id/m-r/Prime/logos/channels-logo-white.png%7C0,0,1920,1080+0,0,1920,1080+1578,847,263,156_kvf21cb47db8d34aa971cd86f57a65cf8d_SX624_FMjpg_.jpg","https://m.media-amazon.com/images/S/pv-target-images/a35b9ca1815b8a24f88dc7a8c45b2970a854e0b792318a684e10ec4e5b8a394b._UR1920,1080_CLs%7C1920,1080%7C/G/bundle/BottomRightCardGradient16x9.png,/G/01/digital/video/merch/subs/benefit-id/m-r/Prime/logos/channels-logo-white.png%7C0,0,1920,1080+0,0,1920,1080+1578,847,263,156_kvf21cb47db8d34aa971cd86f57a65cf8d_SX624_FMjpg_.jpg","https://m.media-amazon.com/images/S/pv-target-images/f298236d963bfd2c77ae46c751ed80ae05b87dd62137dbeec485f30a34735d8f._UR1920,1080_CLs%7C1920,1080%7C/G/bundle/BottomRightCardGradient16x9.png,/G/01/digital/video/merch/subs/benefit-id/m-r/Prime/logos/channels-logo-white.png%7C0,0,1920,1080+0,0,1920,1080+1578,847,263,156_kvf21cb47db8d34aa971cd86f57a65cf8d_SX624_FMjpg_.jpg","https://m.media-amazon.com/images/S/pv-target-images/45fafd28299ff69ae81478d760f61b1e0d3ea59b4767e5eedb8edfd34d20a8a8._UR1920,1080_CLs%7C1920,1080%7C/G/bundle/BottomRightCardGradient16x9.png,/G/01/digital/video/merch/subs/benefit-id/m-r/Prime/logos/channels-logo-white.png%7C0,0,1920,1080+0,0,1920,1080+1578,847,263,156_kvf21cb47db8d34aa971cd86f57a65cf8d_SX624_FMpng_.png","https://m.media-amazon.com/images/S/pv-target-images/b54aa091c7fc27770b68992cd919d1ec24aac26b11b6fd6a79e766850445fc05._UR1920,1080_CLs%7C1920,1080%7C/G/bundle/BottomRightCardGradient16x9.png,/G/01/digital/video/merch/subs/benefit-id/m-r/Prime/logos/channels-logo-white.png%7C0,0,1920,1080+0,0,1920,1080+1578,847,263,156_kvf21cb47db8d34aa971cd86f57a65cf8d_SX624_FMjpg_.jpg","https://m.media-amazon.com/images/S/pv-target-images/4a03330e80ae2dcdae2733b0dfe475d7ed72f6da45d31f238b3948eecaa0722e._UR1920,1080_CLs%7C1920,1080%7C/G/bundle/BottomRightCardGradient16x9.png,/G/01/digital/video/merch/subs/benefit-id/a-f/freewithads/logos/channels-logo-white.png%7C0,0,1920,1080+0,0,1920,1080+1578,847,263,156_kv053498f62d21803ffcbf28da234cfe9f_SX624_FMpng_.png"
"1790749741-9","https://www.amazon.com/gp/video/storefront","","Free comedy movies","MOST LIKED","","","","","","MOST LIKED","","","","Legally Blonde","Reunion","Baby Boom","Killers","The House Next Door: Meet the Blacks 2","Bad Moms","This Time Next Year","The Duff","Legally Blonde 2: Red, White & Blonde","","","","","","","","","","","","See more","","https://m.media-amazon.com/images/S/pv-target-images/73265efd94e7e7fd0f6b51d60211ab1188e87ee22e6f59e8ccb8a221877cae3e._UR1920,1080_CLs%7C1920,1080%7C/G/bundle/BottomRightCardGradient16x9.png,/G/01/digital/video/merch/subs/benefit-id/a-f/freewithads/logos/channels-logo-white.png%7C0,0,1920,1080+0,0,1920,1080+1578,847,263,156_kv053498f62d21803ffcbf28da234cfe9f_SX624_FMjpg_.jpg","https://m.media-amazon.com/images/S/pv-target-images/1958fe6cea9d49af24e74c640ff70dbdb5ba826aacf583fbba1b55bae947b6ca._UR1920,1080_CLs%7C1920,1080%7C/G/bundle/BottomRightCardGradient16x9.png,/G/01/digital/video/merch/subs/benefit-id/a-f/freewithads/logos/channels-logo-white.png%7C0,0,1920,1080+0,0,1920,1080+1578,847,263,156_kv053498f62d21803ffcbf28da234cfe9f_SX624_FMjpg_.jpg","https://m.media-amazon.com/images/S/pv-target-images/64e88ce72c45ce2d5e3790bcb77179bd70d2d353d6d95690e5075defafccdf5b._UR1920,1080_CLs%7C1920,1080%7C/G/bundle/BottomRightCardGradient16x9.png,/G/01/digital/video/merch/subs/benefit-id/a-f/freewithads/logos/channels-logo-white.png%7C0,0,1920,1080+0,0,1920,1080+1578,847,263,156_kv053498f62d21803ffcbf28da234cfe9f_SX624_FMjpg_.jpg","https://m.media-amazon.com/images/S/pv-target-images/ed55d7630e07c19c8057c0d85aed3413b29f9f8be5327dd5db9b02d3f8d8faf3._UR1920,1080_CLs%7C1920,1080%7C/G/bundle/BottomRightCardGradient16x9.png,/G/01/digital/video/merch/subs/benefit-id/a-f/freewithads/logos/channels-logo-white.png%7C0,0,1920,1080+0,0,1920,1080+1578,847,263,156_kv053498f62d21803ffcbf28da234cfe9f_SX624_FMjpg_.jpg","https://m.media-amazon.com/images/S/pv-target-images/414aa7abec4cc9cfbf954418bebe2c88fbfcf91fa3d65f9e8828950869498153._UR1920,1080_CLs%7C1920,1080%7C/G/bundle/BottomRightCardGradient16x9.png,/G/01/digital/video/merch/subs/benefit-id/a-f/freewithads/logos/channels-logo-white.png%7C0,0,1920,1080+0,0,1920,1080+1578,847,263,156_kv053498f62d21803ffcbf28da234cfe9f_SX624_FMjpg_.jpg","https://m.media-amazon.com/images/S/pv-target-images/66fffc6a5a25d4decb1c4ab0d70231f9104b3a96be842f501f33dab1e8c0bd6d._UR1920,1080_CLs%7C1920,1080%7C/G/bundle/BottomRightCardGradient16x9.png,/G/01/digital/video/merch/subs/benefit-id/a-f/freewithads/logos/channels-logo-white.png%7C0,0,1920,1080+0,0,1920,1080+1578,847,263,156_kv053498f62d21803ffcbf28da234cfe9f_SX624_FMjpg_.jpg","https://m.media-amazon.com/images/S/pv-target-images/b1288adca88b8868c57535e88e6ca605bc7b1356145c27bddd8ba8e26e24e16e._UR1920,1080_CLs%7C1920,1080%7C/G/bundle/BottomRightCardGradient16x9.png,/G/01/digital/video/merch/subs/benefit-id/a-f/freewithads/logos/channels-logo-white.png%7C0,0,1920,1080+0,0,1920,1080+1578,847,263,156_kv053498f62d21803ffcbf28da234cfe9f_SX624_FMjpg_.jpg","https://m.media-amazon.com/images/S/pv-target-images/492bf82b718319ca9b1bd95d4144e2790525cc9cc24a8d426e532fe13cbc859a._UR1920,1080_CLs%7C1920,1080%7C/G/bundle/BottomRightCardGradient16x9.png,/G/01/digital/video/merch/subs/benefit-id/a-f/freewithads/logos/channels-logo-white.png%7C0,0,1920,1080+0,0,1920,1080+1578,847,263,156_kv053498f62d21803ffcbf28da234cfe9f_SX624_FMjpg_.jpg","https://m.media-amazon.com/images/S/pv-target-images/2a6f1536e8ad141d6c714cf99ff3e0b536a9660e6aa1e170e5032beeefdcd296._UR1920,1080_CLs%7C1920,1080%7C/G/bundle/BottomRightCardGradient16x9.png,/G/01/digital/video/merch/subs/benefit-id/a-f/freewithads/logos/channels-logo-white.png%7C0,0,1920,1080+0,0,1920,1080+1578,847,263,156_kv053498f62d21803ffcbf28da234cfe9f_SX624_FMjpg_.jpg",""
"1790749741-10","https://www.amazon.com/gp/video/storefront","","Free popular movies","TRENDING","TRENDING","MOST LIKED","","","","","","MOST LIKED","","Looking Through Water","Dark Nature","Float","Never Back Down","Winterset","Snitch","The House on Sweet and Seventh","This Time Next Year","9-11: The Day the World Stood Still","","","","","","","","","","","","See more","","https://m.media-amazon.com/images/S/pv-target-images/a8f999f61a539b7e973846beed5bccf790c3f9c1e0a86b7362cd2af56bbae1a5._UR1920,1080_CLs%7C1920,1080%7C/G/bundle/BottomRightCardGradient16x9.png,/G/01/digital/video/merch/subs/benefit-id/a-f/freewithads/logos/channels-logo-white.png%7C0,0,1920,1080+0,0,1920,1080+1578,847,263,156_kv053498f62d21803ffcbf28da234cfe9f_SX624_FMpng_.png","https://m.media-amazon.com/images/S/pv-target-images/fa1ab8b3d06d0b590e0efacb65b6f311c4001e53efe16c3c410e502980bc26a9._UR1920,1080_CLs%7C1920,1080%7C/G/bundle/BottomRightCardGradient16x9.png,/G/01/digital/video/merch/subs/benefit-id/a-f/freewithads/logos/channels-logo-white.png%7C0,0,1920,1080+0,0,1920,1080+1578,847,263,156_kv053498f62d21803ffcbf28da234cfe9f_SX624_FMjpg_.jpg","https://m.media-amazon.com/images/S/pv-target-images/425dcebac3cd898e82b95e727c910c203914d0515b259b107713c1be6ea222db._UR1920,1080_CLs%7C1920,1080%7C/G/bundle/BottomRightCardGradient16x9.png,/G/01/digital/video/merch/subs/benefit-id/a-f/freewithads/logos/channels-logo-white.png%7C0,0,1920,1080+0,0,1920,1080+1578,847,263,156_kv053498f62d21803ffcbf28da234cfe9f_SX624_FMjpg_.jpg","https://m.media-amazon.com/images/S/pv-target-images/c4e289d72aea2101954bc9a41e9f9ee017c3b61bf2c4f5b8405c6bba95aaaa61._UR1920,1080_CLs%7C1920,1080%7C/G/bundle/BottomRightCardGradient16x9.png,/G/01/digital/video/merch/subs/benefit-id/a-f/freewithads/logos/channels-logo-white.png%7C0,0,1920,1080+0,0,1920,1080+1578,847,263,156_kv053498f62d21803ffcbf28da234cfe9f_SX624_FMpng_.png","https://m.media-amazon.com/images/S/pv-target-images/af846d8f21fbeeadbf8ae20c0d3444c05e3dbbf0877faea1bae1973927c5b1e4._UR1920,1080_CLs%7C1920,1080%7C/G/bundle/BottomRightCardGradient16x9.png,/G/01/digital/video/merch/subs/benefit-id/a-f/freewithads/logos/channels-logo-white.png%7C0,0,1920,1080+0,0,1920,1080+1578,847,263,156_kv053498f62d21803ffcbf28da234cfe9f_SX624_FMjpg_.jpg","https://m.media-amazon.com/images/S/pv-target-images/50f630450cdea23fca42550f2d24e4ff1fd5ff18bb77c12e9a1b366c2fb95f04._UR1920,1080_CLs%7C1920,1080%7C/G/bundle/BottomRightCardGradient16x9.png,/G/01/digital/video/merch/subs/benefit-id/a-f/freewithads/logos/channels-logo-white.png%7C0,0,1920,1080+0,0,1920,1080+1578,847,263,156_kv053498f62d21803ffcbf28da234cfe9f_SX624_FMjpg_.jpg","https://m.media-amazon.com/images/S/pv-target-images/a1dbd389d6738dfdd2cfbcfc812bb00a6e5415d54ab7d6db705662171bf0e1f1._UR1920,1080_CLs%7C1920,1080%7C/G/bundle/BottomRightCardGradient16x9.png,/G/01/digital/video/merch/subs/benefit-id/a-f/freewithads/logos/channels-logo-white.png%7C0,0,1920,1080+0,0,1920,1080+1578,847,263,156_kv053498f62d21803ffcbf28da234cfe9f_SX624_FMjpg_.jpg","https://m.media-amazon.com/images/S/pv-target-images/b1288adca88b8868c57535e88e6ca605bc7b1356145c27bddd8ba8e26e24e16e._UR1920,1080_CLs%7C1920,1080%7C/G/bundle/BottomRightCardGradient16x9.png,/G/01/digital/video/merch/subs/benefit-id/a-f/freewithads/logos/channels-logo-white.png%7C0,0,1920,1080+0,0,1920,1080+1578,847,263,156_kv053498f62d21803ffcbf28da234cfe9f_SX624_FMjpg_.jpg","https://m.media-amazon.com/images/S/pv-target-images/4df5b63d384488093bd51166423b7693217ed8cee51b72d7dfcbaf23d2f73752._UR1920,1080_CLs%7C1920,1080%7C/G/bundle/BottomRightCardGradient16x9.png,/G/01/digital/video/merch/subs/benefit-id/a-f/freewithads/logos/channels-logo-white.png%7C0,0,1920,1080+0,0,1920,1080+1578,847,263,156_kv053498f62d21803ffcbf28da234cfe9f_SX624_FMjpg_.jpg",""
"1790749741-11","https://www.amazon.com/gp/video/storefront","","Free drama movies","TRENDING","","","","MOST LIKED","","","","","TRENDING","Forget Me Never","Robocop 3","Belly","Far Haven","Chased","Saturn","A Snapshot of Forever","MUD","Stillwater","","","","","","","","","","","","See more","","https://m.media-amazon.com/images/S/pv-target-images/ce481127c3aa23e5a11d79a6e2c9f5bf775f1198832f6419ebaa60f1f8fcb706._UR1920,1080_CLs%7C1920,1080%7C/G/bundle/BottomRightCardGradient16x9.png,/G/01/digital/video/merch/subs/benefit-id/a-f/freewithads/logos/channels-logo-white.png%7C0,0,1920,1080+0,0,1920,1080+1578,847,263,156_kv053498f62d21803ffcbf28da234cfe9f_SX624_FMjpg_.jpg","https://m.media-amazon.com/images/S/pv-target-images/0ed3f3c58d1c129e564760b4cf0cfd44daf5bdf66f72b25fb323f7fbe37a9580._UR1920,1080_CLs%7C1920,1080%7C/G/bundle/BottomRightCardGradient16x9.png,/G/01/digital/video/merch/subs/benefit-id/a-f/freewithads/logos/channels-logo-white.png%7C0,0,1920,1080+0,0,1920,1080+1578,847,263,156_kv053498f62d21803ffcbf28da234cfe9f_SX624_FMjpg_.jpg","https://m.media-amazon.com/images/S/pv-target-images/2de454da07686dcd0d074b633ce525263e9181a71d1a9746fb28950a7ab71dde._UR1920,1080_CLs%7C1920,1080%7C/G/bundle/BottomRightCardGradient16x9.png,/G/01/digital/video/merch/subs/benefit-id/a-f/freewithads/logos/channels-logo-white.png%7C0,0,1920,1080+0,0,1920,1080+1578,847,263,156_kv053498f62d21803ffcbf28da234cfe9f_SX624_FMjpg_.jpg","https://m.media-amazon.com/images/S/pv-target-images/d761c7b877c27dc84205757ea5c520ea08b8edf69f267304fb94d6754018be25._UR1920,1080_CLs%7C1920,1080%7C/G/bundle/BottomRightCardGradient16x9.png,/G/01/digital/video/merch/subs/benefit-id/a-f/freewithads/logos/channels-logo-white.png%7C0,0,1920,1080+0,0,1920,1080+1578,847,263,156_kv053498f62d21803ffcbf28da234cfe9f_SX624_FMjpg_.jpg","https://m.media-amazon.com/images/S/pv-target-images/e765cc602b9e4624bf78303cb77bd6814509366b4b1d416bee044ed25dd41767._UR1920,1080_CLs%7C1920,1080%7C/G/bundle/BottomRightCardGradient16x9.png,/G/01/digital/video/merch/subs/benefit-id/a-f/freewithads/logos/channels-logo-white.png%7C0,0,1920,1080+0,0,1920,1080+1578,847,263,156_kv053498f62d21803ffcbf28da234cfe9f_SX624_FMjpg_.jpg","https://m.media-amazon.com/images/S/pv-target-images/daef8f0faee3db7b378283ba30cbfa1df4535ace0d1ac2b09566725c360f578c._UR1920,1080_CLs%7C1920,1080%7C/G/bundle/BottomRightCardGradient16x9.png,/G/01/digital/video/merch/subs/benefit-id/a-f/freewithads/logos/channels-logo-white.png%7C0,0,1920,1080+0,0,1920,1080+1578,847,263,156_kv053498f62d21803ffcbf28da234cfe9f_SX624_FMjpg_.jpg","https://m.media-amazon.com/images/S/pv-target-images/f5ea6ae640d2330f8642bdfa587718ec428c07ca833eba3ac280d111719a700a._UR1920,1080_CLs%7C1920,1080%7C/G/bundle/BottomRightCardGradient16x9.png,/G/01/digital/video/merch/subs/benefit-id/a-f/freewithads/logos/channels-logo-white.png%7C0,0,1920,1080+0,0,1920,1080+1578,847,263,156_kv053498f62d21803ffcbf28da234cfe9f_SX624_FMjpg_.jpg","https://m.media-amazon.com/images/S/pv-target-images/ac0d57294f0ba26b818dfb7aa0f7d15e9b3d01a7c51524faf3891e4ed733480e._UR1920,1080_CLs%7C1920,1080%7C/G/bundle/BottomRightCardGradient16x9.png,/G/01/digital/video/merch/subs/benefit-id/a-f/freewithads/logos/channels-logo-white.png%7C0,0,1920,1080+0,0,1920,1080+1578,847,263,156_kv053498f62d21803ffcbf28da234cfe9f_SX624_FMjpg_.jpg","https://m.media-amazon.com/images/S/pv-target-images/6708c2dfa05326bd61ea17fefff011faf0591458a0d3b2b90ff84187ed5715d9._UR1920,1080_CLs%7C1920,1080%7C/G/bundle/BottomRightCardGradient16x9.png,/G/01/digital/video/merch/subs/benefit-id/a-f/freewithads/logos/channels-logo-white.png%7C0,0,1920,1080+0,0,1920,1080+1578,847,263,156_kv053498f62d21803ffcbf28da234cfe9f_SX624_FMjpg_.jpg",""
"1790749741-12","https://www.amazon.com/gp/video/storefront","","Free horror movies","","","","","","","","","","","The Devil's Rejects (en) (IT-Subbed)","Wrong Turn (2020)","Solomon Kane","HOUSEMAID","House of 1000 Corpses","American Psycho (Unrated)","An American Haunting","The Ritual Black Nun","The Anacondas","","","","","","","","","","","","See more","","https://m.media-amazon.com/images/S/pv-target-images/5190c55931ada5968756d39dbe1f7c93046a639590a439421a2a7c32c9d4d626._UR1920,1080_CLs%7C1920,1080%7C/G/bundle/BottomRightCardGradient16x9.png,/G/01/digital/video/merch/subs/benefit-id/a-f/freewithads/logos/channels-logo-white.png%7C0,0,1920,1080+0,0,1920,1080+1578,847,263,156_kv053498f62d21803ffcbf28da234cfe9f_SX624_FMjpg_.jpg","https://m.media-amazon.com/images/S/pv-target-images/83bb0dbefb91edd790f927cc478b56a7dbca669846fe378f00131e18a10f6511._UR1920,1080_CLs%7C1920,1080%7C/G/bundle/BottomRightCardGradient16x9.png,/G/01/digital/video/merch/subs/benefit-id/a-f/freewithads/logos/channels-logo-white.png%7C0,0,1920,1080+0,0,1920,1080+1578,847,263,156_kv053498f62d21803ffcbf28da234cfe9f_SX624_FMjpg_.jpg","https://m.media-amazon.com/images/S/pv-target-images/1779ecdb7559fb11668018b5d98220fe8f1f403b971ccb2d940576765003c4ae._UR1920,1080_CLs%7C1920,1080%7C/G/bundle/BottomRightCardGradient16x9.png,/G/01/digital/video/merch/subs/benefit-id/a-f/freewithads/logos/channels-logo-white.png%7C0,0,1920,1080+0,0,1920,1080+1578,847,263,156_kv053498f62d21803ffcbf28da234cfe9f_SX624_FMjpg_.jpg","https://m.media-amazon.com/images/S/pv-target-images/9b2c0f7388d4b52b2733d4bbd0959be62cfb7e611cf6231287532ba89935dd4d._UR1920,1080_CLs%7C1920,1080%7C/G/bundle/BottomRightCardGradient16x9.png,/G/01/digital/video/merch/subs/benefit-id/a-f/freewithads/logos/channels-logo-white.png%7C0,0,1920,1080+0,0,1920,1080+1578,847,263,156_kv053498f62d21803ffcbf28da234cfe9f_SX624_FMpng_.png","https://m.media-amazon.com/images/S/pv-target-images/d35252a14023701a8c1b81cb9d50da0e10521eeae24134716c5c6e26624dbf40._UR1920,1080_CLs%7C1920,1080%7C/G/bundle/BottomRightCardGradient16x9.png,/G/01/digital/video/merch/subs/benefit-id/a-f/freewithads/logos/channels-logo-white.png%7C0,0,1920,1080+0,0,1920,1080+1578,847,263,156_kv053498f62d21803ffcbf28da234cfe9f_SX624_FMjpg_.jpg","https://m.media-amazon.com/images/S/pv-target-images/5deeacb2651402feacd9caf03ed9770a637dd66caf9a64da1cb3b5ccea356d81._UR1920,1080_CLs%7C1920,1080%7C/G/bundle/BottomRightCardGradient16x9.png,/G/01/digital/video/merch/subs/benefit-id/a-f/freewithads/logos/channels-logo-white.png%7C0,0,1920,1080+0,0,1920,1080+1578,847,263,156_kv053498f62d21803ffcbf28da234cfe9f_SX624_FMjpg_.jpg","https://m.media-amazon.com/images/S/pv-target-images/7972a0e44a6e958ed04d556e50b157445519d693f39cecb2f3af071fdc629470._UR1920,1080_CLs%7C1920,1080%7C/G/bundle/BottomRightCardGradient16x9.png,/G/01/digital/video/merch/subs/benefit-id/a-f/freewithads/logos/channels-logo-white.png%7C0,0,1920,1080+0,0,1920,1080+1578,847,263,156_kv053498f62d21803ffcbf28da234cfe9f_SX624_FMjpg_.jpg","https://m.media-amazon.com/images/S/pv-target-images/d2de3d2cac0103582adea7e70be04b99e5b4b681ef007b610af11f266f4794fb._UR1920,1080_CLs%7C1920,1080%7C/G/bundle/BottomRightCardGradient16x9.png,/G/01/digital/video/merch/subs/benefit-id/a-f/freewithads/logos/channels-logo-white.png%7C0,0,1920,1080+0,0,1920,1080+1578,847,263,156_kv053498f62d21803ffcbf28da234cfe9f_SX624_FMjpg_.jpg","https://m.media-amazon.com/images/S/pv-target-images/74425b6e2d24e9dd7509beea19caf9198f04fd5fd1c57ad83e07b00bf9854c71._UR1920,1080_CLs%7C1920,1080%7C/G/bundle/BottomRightCardGradient16x9.png,/G/01/digital/video/merch/subs/benefit-id/a-f/freewithads/logos/channels-logo-white.png%7C0,0,1920,1080+0,0,1920,1080+1578,847,263,156_kv053498f62d21803ffcbf28da234cfe9f_SX624_FMjpg_.jpg",""
"1790749741-13","https://www.amazon.com/gp/video/storefront","","Free recently added movies","","","","","","","","","","","Dolly Parton: Big Hair, Bigger Heart","Transporter 3","Overboard","The Nut Job","MUD","Tyler Perry's Duplicity","Murder on the 13th Floor","Ender's Game","House of 1000 Corpses","","","","","","","","","","","","See more","","https://m.media-amazon.com/images/S/pv-target-images/e1e915310878c71767ed0741f5265a410f2aad7c55cf5e1b730badc84dbc24af._UR1920,1080_CLs%7C1920,1080%7C/G/bundle/BottomRightCardGradient16x9.png,/G/01/digital/video/merch/subs/benefit-id/a-f/freewithads/logos/channels-logo-white.png%7C0,0,1920,1080+0,0,1920,1080+1578,847,263,156_kv053498f62d21803ffcbf28da234cfe9f_SX624_FMjpg_.jpg","https://m.media-amazon.com/images/S/pv-target-images/7a341333dd17f5894639bd40152e333a1e0ccaabe9d0a165119c211108aac721._UR1920,1080_CLs%7C1920,1080%7C/G/bundle/BottomRightCardGradient16x9.png,/G/01/digital/video/merch/subs/benefit-id/a-f/freewithads/logos/channels-logo-white.png%7C0,0,1920,1080+0,0,1920,1080+1578,847,263,156_kv053498f62d21803ffcbf28da234cfe9f_SX624_FMjpg_.jpg","https://m.media-amazon.com/images/S/pv-target-images/cf33eb46a8e4785019ee32bc40d38f618f260bc2c3f94eccaff7cdf92b19e302._UR1920,1080_CLs%7C1920,1080%7C/G/bundle/BottomRightCardGradient16x9.png,/G/01/digital/video/merch/subs/benefit-id/a-f/freewithads/logos/channels-logo-white.png%7C0,0,1920,1080+0,0,1920,1080+1578,847,263,156_kv053498f62d21803ffcbf28da234cfe9f_SX624_FMjpg_.jpg","https://m.media-amazon.com/images/S/pv-target-images/ac562c2f8839936409680456d65850271a9e5f709dc1b6badda8dbf96edcb1ec._UR1920,1080_CLs%7C1920,1080%7C/G/bundle/BottomRightCardGradient16x9.png,/G/01/digital/video/merch/subs/benefit-id/a-f/freewithads/logos/channels-logo-white.png%7C0,0,1920,1080+0,0,1920,1080+1578,847,263,156_kv053498f62d21803ffcbf28da234cfe9f_SX624_FMjpg_.jpg","https://m.media-amazon.com/images/S/pv-target-images/ac0d57294f0ba26b818dfb7aa0f7d15e9b3d01a7c51524faf3891e4ed733480e._UR1920,1080_CLs%7C1920,1080%7C/G/bundle/BottomRightCardGradient16x9.png,/G/01/digital/video/merch/subs/benefit-id/a-f/freewithads/logos/channels-logo-white.png%7C0,0,1920,1080+0,0,1920,1080+1578,847,263,156_kv053498f62d21803ffcbf28da234cfe9f_SX624_FMjpg_.jpg","https://m.media-amazon.com/images/S/pv-target-images/a1dc0d70d470b1802f7746bfdcaa4d23006084813aba143b79ce5ea1082dea98._UR1920,1080_CLs%7C1920,1080%7C/G/bundle/BottomRightCardGradient16x9.png,/G/01/digital/video/merch/subs/benefit-id/a-f/freewithads/logos/channels-logo-white.png%7C0,0,1920,1080+0,0,1920,1080+1578,847,263,156_kv053498f62d21803ffcbf28da234cfe9f_SX624_FMpng_.png","https://m.media-amazon.com/images/S/pv-target-images/35907eca824b50f9ae4f081fd011abbf3adc8d2cae4d2fc60377d01eec22e30f._UR1920,1080_CLs%7C1920,1080%7C/G/bundle/BottomRightCardGradient16x9.png,/G/01/digital/video/merch/subs/benefit-id/a-f/freewithads/logos/channels-logo-white.png%7C0,0,1920,1080+0,0,1920,1080+1578,847,263,156_kv053498f62d21803ffcbf28da234cfe9f_SX624_FMjpg_.jpg","https://m.media-amazon.com/images/S/pv-target-images/1bae6f6f025c68435ef0be786a351c271f5c4b1e184db561c1e96e7ac1a16270._UR1920,1080_CLs%7C1920,1080%7C/G/bundle/BottomRightCardGradient16x9.png,/G/01/digital/video/merch/subs/benefit-id/a-f/freewithads/logos/channels-logo-white.png%7C0,0,1920,1080+0,0,1920,1080+1578,847,263,156_kv053498f62d21803ffcbf28da234cfe9f_SX624_FMjpg_.jpg","https://m.media-amazon.com/images/S/pv-target-images/d35252a14023701a8c1b81cb9d50da0e10521eeae24134716c5c6e26624dbf40._UR1920,1080_CLs%7C1920,1080%7C/G/bundle/BottomRightCardGradient16x9.png,/G/01/digital/video/merch/subs/benefit-id/a-f/freewithads/logos/channels-logo-white.png%7C0,0,1920,1080+0,0,1920,1080+1578,847,263,156_kv053498f62d21803ffcbf28da234cfe9f_SX624_FMjpg_.jpg",""
"1790749741-14","https://www.amazon.com/gp/video/storefront","","Live: Daytime TV","ON NOW","ON NOW","ON NOW","ON NOW","ON NOW","ON NOW","ON NOW","","ON NOW","ON NOW","","","","","","","","","","","Judy Justice","Paternity Court","Hot Ones","GrowthDay Network","Tony Robbins Network","Best of Dr. Phil","Dr. Phil ENVOY","Tribunal Justice","Steve Wilkos presented by Nosey","","","","https://m.media-amazon.com/images/I/C1Mm9wRtmNL._UR1920,1080_FMpng_SX624_FMjpg_.jpg","https://m.media-amazon.com/images/I/91CbUl70qnL._UR1920,1080_FMpng_SX624_FMjpg_.jpg","https://m.media-amazon.com/images/I/B1HSM22esYL._UR1920,1080_FMpng_SX624_FMjpg_.jpg","https://m.media-amazon.com/images/I/71lE41dcm+L._UR1920,1080_FMpng_SX624_FMjpg_.jpg","https://m.media-amazon.com/images/I/81xIjZYqFZL._UR1920,1080_FMpng_SX624_FMjpg_.jpg","https://m.media-amazon.com/images/I/81I9FyjxixL._UR1920,1080_FMpng_SX624_FMjpg_.jpg","https://m.media-amazon.com/images/I/C1MI9DixlpL._UR1920,1080_FMpng_SX624_FMjpg_.jpg","https://m.media-amazon.com/images/I/91PUY181y9L._UR1920,1080_FMpng_SX624_FMjpg_.jpg","https://m.media-amazon.com/images/I/91cyphiEvrL._UR1920,1080_FMpng_SX624_FMjpg_.jpg",""
"1790749741-15","https://www.amazon.com/gp/video/storefront","","2026 Emmy® winners","","","","","","","","","","","Spider-Noir","Fallout","The Boys","The Mighty Nein","John Candy: I Like Me","The Pitt","DTF St. Louis","Hacks","A Knight of the Seven Kingdoms","","","","","","","","","","","","","","https://m.media-amazon.com/images/S/pv-target-images/ac62d7b37addb925f6828bd38ed26633fd798cfd2e8796e589e868c5167b310e._UR1920,1080_CLs%7C1920,1080%7C/G/bundle/BottomRightCardGradient16x9.png,/G/01/digital/video/merch/subs/benefit-id/m-r/Prime/logos/channels-logo-white.png%7C0,0,1920,1080+0,0,1920,1080+1578,847,263,156_kvf21cb47db8d34aa971cd86f57a65cf8d_SX624_FMpng_.png","https://m.media-amazon.com/images/S/pv-target-images/1bc482a5b0afe0f5c3f7f35623ba430558eb49f3858c5db46541217793547d32._UR1920,1080_CLs%7C1920,1080%7C/G/bundle/BottomRightCardGradient16x9.png,/G/01/digital/video/merch/subs/benefit-id/m-r/Prime/logos/channels-logo-white.png%7C0,0,1920,1080+0,0,1920,1080+1578,847,263,156_kvf21cb47db8d34aa971cd86f57a65cf8d_SX624_FMjpg_.jpg","https://m.media-amazon.com/images/S/pv-target-images/1c13edf38c363925792abae8e8becd02cb47708e8b0d93a696ca667e0c77c18a._UR1920,1080_CLs%7C1920,1080%7C/G/bundle/BottomRightCardGradient16x9.png,/G/01/digital/video/merch/subs/benefit-id/m-r/Prime/logos/channels-logo-white.png%7C0,0,1920,1080+0,0,1920,1080+1578,847,263,156_kvf21cb47db8d34aa971cd86f57a65cf8d_SX624_FMjpg_.jpg","https://m.media-amazon.com/images/S/pv-target-images/171ac342343cfd440bd9daa8d8765bbc0bf6484b4db4eeb8911f8866e543b181._UR1920,1080_CLs%7C1920,1080%7C/G/bundle/BottomRightCardGradient16x9.png,/G/01/digital/video/merch/subs/benefit-id/m-r/Prime/logos/channels-logo-white.png%7C0,0,1920,1080+0,0,1920,1080+1578,847,263,156_kvf21cb47db8d34aa971cd86f57a65cf8d_SX624_FMjpg_.jpg","https://m.media-amazon.com/images/S/pv-target-images/f87422452df3e72112f9cc3a04ed17ebf11ed88015403d3327f612a231bffd09._UR1920,1080_CLs%7C1920,1080%7C/G/bundle/BottomRightCardGradient16x9.png,/G/01/digital/video/merch/subs/benefit-id/m-r/Prime/logos/channels-logo-white.png%7C0,0,1920,1080+0,0,1920,1080+1578,847,263,156_kvf21cb47db8d34aa971cd86f57a65cf8d_SX624_FMjpg_.jpg","https://m.media-amazon.com/images/S/pv-target-images/8c118fb753422f8f801ac9082c71d84451fe72bc0ff6ffca89af70374d066935._UR1920,1080_CLs%7C1920,1080%7C/G/bundle/BottomRightCardGradient16x9.png,/G/01/digital/video/merch/subs/benefit-id/g-l/hbomaxus/logos/channels-logo-white-stacked.png%7C0,0,1920,1080+0,0,1920,1080+1679,885,162,117_kvf5dac2982c70c457de7e22fc098a329b_SX624_FMjpg_.jpg","https://m.media-amazon.com/images/S/pv-target-images/7aaaa5e9f8b8cf0c67ede59b67273079a33e4ab5e21e5c557623a63b7373ce2d._UR1920,1080_CLs%7C1920,1080%7C/G/bundle/BottomRightCardGradient16x9.png,/G/01/digital/video/merch/subs/benefit-id/g-l/hbomaxus/logos/channels-logo-white-stacked.png%7C0,0,1920,1080+0,0,1920,1080+1679,885,162,117_kvf5dac2982c70c457de7e22fc098a329b_SX624_FMjpg_.jpg","https://m.media-amazon.com/images/S/pv-target-images/d4e999dad214e77809541afa72669c129ba0434fc6a12f2ec985a1c819b4d3c9._UR1920,1080_CLs%7C1920,1080%7C/G/bundle/BottomRightCardGradient16x9.png,/G/01/digital/video/merch/subs/benefit-id/g-l/hbomaxus/logos/channels-logo-white-stacked.png%7C0,0,1920,1080+0,0,1920,1080+1679,885,162,117_kvf5dac2982c70c457de7e22fc098a329b_SX624_FMjpg_.jpg","https://m.media-amazon.com/images/S/pv-target-images/e1082af7bc7ae9fe2143ba99e02aaf2e383748b583259795453834ef3a55d610._UR1920,1080_CLs%7C1920,1080%7C/G/bundle/BottomRightCardGradient16x9.png,/G/01/digital/video/merch/subs/benefit-id/g-l/hbomaxus/logos/channels-logo-white-stacked.png%7C0,0,1920,1080+0,0,1920,1080+1679,885,162,117_kvf5dac2982c70c457de7e22fc098a329b_SX624_FMjpg_.jpg",""
"1790749741-16","https://www.amazon.com/gp/video/storefront","","Live news","ON NOW","ON NOW","LIVE","ON NOW","ON NOW","LIVE","ON NOW","","ON NOW","ON NOW","","","","","","","","","","","ABC Portland News (KATU)","NBC Portland News (KGW)","FOX Portland News (KPTV)","ABC News Live","CBS News 24/7","NBC News Now","BBC News","Bloomberg TV+","Noticias Telemundo Ahora","","","","https://m.media-amazon.com/images/I/813-HW1RqLL._UR1920,1080_FMpng_SX624_FMjpg_.jpg","https://m.media-amazon.com/images/I/A1hPS+1OxhL._UR1920,1080_FMpng_SX624_FMjpg_.jpg","https://m.media-amazon.com/images/I/91LTAlL6teL._UR1920,1080_FMpng_SX624_FMjpg_.jpg","https://m.media-amazon.com/images/I/B1JoHRFR6GL._UR1920,1080_FMpng_SX624_FMjpg_.jpg","https://m.media-amazon.com/images/I/A1B4SV5wF9L._UR1920,1080_FMpng_SX624_FMjpg_.jpg","https://m.media-amazon.com/images/I/9160h9PBJBL._UR1920,1080_FMpng_SX624_FMjpg_.jpg","https://m.media-amazon.com/images/I/91OgFRAztWL._UR1920,1080_FMpng_SX624_FMjpg_.jpg","https://m.media-amazon.com/images/I/A17ycQ6NwhL._UR1920,1080_FMpng_SX624_FMjpg_.jpg","https://m.media-amazon.com/images/I/51sDmyE4LdL._UR1920,1080_FMpng_SX624_FMjpg_.jpg",""
"1790749741-17","https://www.amazon.com/gp/video/storefront","","Live: Food and home TV","ON NOW","ON NOW","ON NOW","ON NOW","ON NOW","ON NOW","ON NOW","","ON NOW","ON NOW","","","","","","","","","","","Amazon Live","5-Minute Crafts","Bizarre Foods with Andrew Zimmern","No Reservations","Hell's Kitchen/Kitchen Nightmares","Home Cooking by Food Network","Sweet Escapes","Delicious Eats","Cook's Country","","","","https://m.media-amazon.com/images/I/81AIK7ClrbL._UR1920,1080_FMpng_SX624_FMjpg_.jpg","https://m.media-amazon.com/images/I/A1qov1tsI5L._UR1920,1080_FMpng_SX624_FMjpg_.jpg","https://m.media-amazon.com/images/I/B1zAWeEG81L._UR1920,1080_FMpng_SX624_FMjpg_.jpg","https://m.media-amazon.com/images/I/B1DbbnBrtsL._UR1920,1080_FMpng_SX624_FMjpg_.jpg","https://m.media-amazon.com/images/I/912yE1cK2+L._UR1920,1080_FMpng_SX624_FMjpg_.jpg","https://m.media-amazon.com/images/I/B1Psxrt3k8L._UR1920,1080_FMpng_SX624_FMjpg_.jpg","https://m.media-amazon.com/images/I/B1ZoII3uVTL._UR1920,1080_FMpng_SX624_FMjpg_.jpg","https://m.media-amazon.com/images/I/B1njaobi8fL._UR1920,1080_FMpng_SX624_FMjpg_.jpg","https://m.media-amazon.com/images/I/913sHw-t+iL._UR1920,1080_FMpng_SX624_FMjpg_.jpg",""
"1790749741-18","https://www.amazon.com/gp/video/storefront","","Sports and events with a subscription","LIVE","LIVE","LIVE","LIVE","LIVE","LIVE","LIVE","","LIVE","LIVE","United States vs. Chile","ICF Dragon World Championships","Courtside - Live-Beijing-ATP/WTA & Tokyo-ATP 1st Round","Tennis Today Live-Beijing-ATP/WTA & Tokyo-ATP 1st Round","Lehecka vs. Bergs","Predator Pro Billiard Series: Indonesia-2026 Predator Pro Billiard Series: Indonesia","Softball: Chinese Taipei vs. Thailand","Ma vs. Kudermetova","Snigur vs. Kawa","","United States vs. Chile","ICF Dragon World Championships","Courtside - Live-Beijing-ATP/WTA & Tokyo-ATP 1st Round","Tennis Today Live-Beijing-ATP/WTA & Tokyo-ATP 1st Round","Lehecka vs. Bergs","Predator Pro Billiard Series: Indonesia-2026 Predator Pro Billiard Series: Indonesia","Softball: Chinese Taipei vs. Thailand","Ma vs. Kudermetova","Snigur vs. Kawa","","See more","","https://m.media-amazon.com/images/S/le-target-images-prod/amzn1.dv.gti.2964fd81-b5ab-40db-ab1d-e61bce58d33e/3/BOXART-16X9/en-US/1920x1080._UR1920,1080_SX624_FMpng_.png","https://m.media-amazon.com/images/S/le-target-images-prod/amzn1.dv.gti.c8810d9f-c879-4547-897c-b2d030690b43/2/BOXART-16X9/en-US._UR1920,1080_SX624_FMjpg_.jpg","https://m.media-amazon.com/images/S/le-target-images-prod/amzn1.dv.gti.b365862a-6ec0-4d40-b794-68702cd03d51/2/BOXART-16X9/en-US._UR1920,1080_SX624_FMjpg_.jpg","https://m.media-amazon.com/images/S/le-target-images-prod/amzn1.dv.gti.af7ee062-a32b-4951-ab7c-8db89aa3e864/3/BOXART-16X9/en-US._UR1920,1080_SX624_FMjpg_.jpg","https://m.media-amazon.com/images/S/le-target-images-prod/amzn1.dv.gti.f57eac12-b40e-4f95-b7d2-171bd61e02c7/3/BOXART-16X9/en-US._UR1920,1080_SX624_FMpng_.png","https://m.media-amazon.com/images/S/le-target-images-prod/amzn1.dv.gti.17807db5-4a7d-4133-af1d-83c6c125b0ab/6/BOXART-16X9/en-US._UR1920,1080_SX624_FMjpg_.jpg","https://m.media-amazon.com/images/S/le-target-images-prod/amzn1.dv.gti.2d139f79-7ffd-44e5-b7d3-b7e1c54b67dc/3/BOXART-16X9/en-US._UR1920,1080_SX624_FMjpg_.jpg","https://m.media-amazon.com/images/S/le-target-images-prod/amzn1.dv.gti.a11ebe85-481c-400b-83d6-f50573970170/10/BOXART-16X9/en-US._UR1920,1080_SX624_FMpng_.png","https://m.media-amazon.com/images/S/le-target-images-prod/amzn1.dv.gti.9f987ed6-0223-44a3-a035-cd58fd82f452/8/BOXART-16X9/en-US._UR1920,1080_SX624_FMpng_.png",""
"1790749741-19","https://www.amazon.com/gp/video/storefront","","Popular now","","","","RECENTLY ADDED","TRENDING","TOP 10","TRENDING","","","LEAVING SOON","Ben Azelart","The Middle","I Got Lucky","Extinct","Everybody Loves Raymond","Legend of the Seeker","American Horror Story","Supernatural","Jack Reacher","","","","","","","","","","","","See more","","https://m.media-amazon.com/images/S/pv-target-images/e7c6f9ca83e1d3909580bfdc0919c94bd6a259fbc50ad4551de270b97c8d9979._UR1920,1080_CLs%7C1920,1080%7C/G/bundle/BottomRightCardGradient16x9.png,/G/01/digital/video/merch/subs/benefit-id/m-r/Prime/logos/channels-logo-white.png%7C0,0,1920,1080+0,0,1920,1080+1578,847,263,156_kvf21cb47db8d34aa971cd86f57a65cf8d_SX624_FMjpg_.jpg","https://m.media-amazon.com/images/S/pv-target-images/5a5777f1c4270fb67ab5fe9aa00076913a1b8fd518d2e9ad008a3f7ddd9bd603._UR1920,1080_CLs%7C1920,1080%7C/G/bundle/BottomRightCardGradient16x9.png,/G/01/digital/video/merch/subs/benefit-id/m-r/Prime/logos/channels-logo-white.png%7C0,0,1920,1080+0,0,1920,1080+1578,847,263,156_kvf21cb47db8d34aa971cd86f57a65cf8d_SX624_FMjpg_.jpg","https://m.media-amazon.com/images/S/pv-target-images/bb5eab6b9eacd0fe074d22efbb778aa6fc746505a262dec52cd2a606d0bfeb67._UR1920,1080_CLs%7C1920,1080%7C/G/bundle/BottomRightCardGradient16x9.png,/G/01/digital/video/merch/subs/benefit-id/m-r/Prime/logos/channels-logo-white.png%7C0,0,1920,1080+0,0,1920,1080+1578,847,263,156_kvf21cb47db8d34aa971cd86f57a65cf8d_SX624_FMjpg_.jpg","https://m.media-amazon.com/images/S/pv-target-images/b54aa091c7fc27770b68992cd919d1ec24aac26b11b6fd6a79e766850445fc05._UR1920,1080_CLs%7C1920,1080%7C/G/bundle/BottomRightCardGradient16x9.png,/G/01/digital/video/merch/subs/benefit-id/m-r/Prime/logos/channels-logo-white.png%7C0,0,1920,1080+0,0,1920,1080+1578,847,263,156_kvf21cb47db8d34aa971cd86f57a65cf8d_SX624_FMjpg_.jpg","https://m.media-amazon.com/images/S/pv-target-images/799fbda997148824d161d21f0b5e61dc98e31d301f151221a6c005725556d413._UR1920,1080_CLs%7C1920,1080%7C/G/bundle/BottomRightCardGradient16x9.png,/G/01/digital/video/merch/subs/benefit-id/m-r/Prime/logos/channels-logo-white.png%7C0,0,1920,1080+0,0,1920,1080+1578,847,263,156_kvf21cb47db8d34aa971cd86f57a65cf8d_SX624_FMjpg_.jpg","https://m.media-amazon.com/images/S/pv-target-images/9f5ccf6025f380431153c222bc95e5b204519bdb7f1ecdcad443a916366f9ae5._UR1920,1080_CLs%7C1920,1080%7C/G/bundle/BottomRightCardGradient16x9.png,/G/01/digital/video/merch/subs/benefit-id/m-r/Prime/logos/channels-logo-white.png%7C0,0,1920,1080+0,0,1920,1080+1578,847,263,156_kvf21cb47db8d34aa971cd86f57a65cf8d_SX624_FMjpg_.jpg","https://m.media-amazon.com/images/S/pv-target-images/dc661fa1481a0d615a58d45abc582a61da7aef914d86ae352a217c98de452e5d._UR1920,1080_CLs%7C1920,1080%7C/G/bundle/BottomRightCardGradient16x9.png,/G/01/digital/video/merch/subs/benefit-id/m-r/Prime/logos/channels-logo-white.png%7C0,0,1920,1080+0,0,1920,1080+1578,847,263,156_kvf21cb47db8d34aa971cd86f57a65cf8d_SX624_FMjpg_.jpg","https://m.media-amazon.com/images/S/pv-target-images/54a602b466041de6b9283c818fccb461b34c62df394c1d440df1624305cdb7ca._UR1920,1080_CLs%7C1920,1080%7C/G/bundle/BottomRightCardGradient16x9.png,/G/01/digital/video/merch/subs/benefit-id/m-r/Prime/logos/channels-logo-white.png%7C0,0,1920,1080+0,0,1920,1080+1578,847,263,156_kvf21cb47db8d34aa971cd86f57a65cf8d_SX624_FMjpg_.jpg","https://m.media-amazon.com/images/S/pv-target-images/f33dd4df408b2fd8613cf78d634c19dcd3eab761a96f4467ff07b1a77521f0cf._UR1920,1080_CLs%7C1920,1080%7C/G/bundle/BottomRightCardGradient16x9.png,/G/01/digital/video/merch/subs/benefit-id/m-r/Prime/logos/channels-logo-white.png%7C0,0,1920,1080+0,0,1920,1080+1578,847,263,156_kvf21cb47db8d34aa971cd86f57a65cf8d_SX624_FMjpg_.jpg",""
"1790749741-20","https://www.amazon.com/gp/video/storefront","","Comedy TV","","TRENDING","","","","","","","","","Psych","Hogan's Heroes","Clarkson's Farm","Ben Azelart","Wild Cards","Bait","Everybody Hates Chris","The Nanny","See You at Work Tomorrow!","","","","","","","","","","","","See more","","https://m.media-amazon.com/images/S/pv-target-images/df8c40ea4a4cfd81e9fde1346913f7656471398868bbe61c039b4007a77626e7._UR1920,1080_CLs%7C1920,1080%7C/G/bundle/BottomRightCardGradient16x9.png,/G/01/digital/video/merch/subs/benefit-id/m-r/Prime/logos/channels-logo-white.png%7C0,0,1920,1080+0,0,1920,1080+1578,847,263,156_kvf21cb47db8d34aa971cd86f57a65cf8d_SX624_FMjpg_.jpg","https://m.media-amazon.com/images/S/pv-target-images/665476256644d9dfa278ba74aabd2f4d099d404489131f6fa75910d9347ff9c1._UR1920,1080_CLs%7C1920,1080%7C/G/bundle/BottomRightCardGradient16x9.png,/G/01/digital/video/merch/subs/benefit-id/m-r/Prime/logos/channels-logo-white.png%7C0,0,1920,1080+0,0,1920,1080+1578,847,263,156_kvf21cb47db8d34aa971cd86f57a65cf8d_SX624_FMpng_.png","https://m.media-amazon.com/images/S/pv-target-images/8d18427617d1b70e6e1566a016412db86e3e89bf3c18fa423e066747a97e2b29._UR1920,1080_CLs%7C1920,1080%7C/G/bundle/BottomRightCardGradient16x9.png,/G/01/digital/video/merch/subs/benefit-id/m-r/Prime/logos/channels-logo-white.png%7C0,0,1920,1080+0,0,1920,1080+1578,847,263,156_kvf21cb47db8d34aa971cd86f57a65cf8d_SX624_FMjpg_.jpg","https://m.media-amazon.com/images/S/pv-target-images/ff29d64421bde3cbbf2cf9da5614b275a3f96e65e4feeed477e780ca5f674af4._UR1920,1080_CLs%7C1920,1080%7C/G/bundle/BottomRightCardGradient16x9.png,/G/01/digital/video/merch/subs/benefit-id/m-r/Prime/logos/channels-logo-white.png%7C0,0,1920,1080+0,0,1920,1080+1578,847,263,156_kvf21cb47db8d34aa971cd86f57a65cf8d_SX624_FMjpg_.jpg","https://m.media-amazon.com/images/S/pv-target-images/696c7297fe7621997d62c6d5b879370f028a2395d14bbb172e887525ac4303d0._UR1920,1080_CLs%7C1920,1080%7C/G/bundle/BottomRightCardGradient16x9.png,/G/01/digital/video/merch/subs/benefit-id/m-r/Prime/logos/channels-logo-white.png%7C0,0,1920,1080+0,0,1920,1080+1578,847,263,156_kvf21cb47db8d34aa971cd86f57a65cf8d_SX624_FMjpg_.jpg","https://m.media-amazon.com/images/S/pv-target-images/5449b97029a00f984d32383a842152fdca807eee6e5e4c5b80e78166856d2cbf._UR1920,1080_CLs%7C1920,1080%7C/G/bundle/BottomRightCardGradient16x9.png,/G/01/digital/video/merch/subs/benefit-id/m-r/Prime/logos/channels-logo-white.png%7C0,0,1920,1080+0,0,1920,1080+1578,847,263,156_kvf21cb47db8d34aa971cd86f57a65cf8d_SX624_FMpng_.png","https://m.media-amazon.com/images/S/pv-target-images/c5640f56b934cf59d23ba4b31c750d058a9a3a9284565121dafcc8293c33e1ee._UR1920,1080_CLs%7C1920,1080%7C/G/bundle/BottomRightCardGradient16x9.png,/G/01/digital/video/merch/subs/benefit-id/m-r/Prime/logos/channels-logo-white.png%7C0,0,1920,1080+0,0,1920,1080+1578,847,263,156_kvf21cb47db8d34aa971cd86f57a65cf8d_SX624_FMjpg_.jpg","https://m.media-amazon.com/images/S/pv-target-images/a0a26ea4f1748c8a763530cf581b0e69a5f9ef5dd6217cd3271e534ddccd8a80._UR1920,1080_CLs%7C1920,1080%7C/G/bundle/BottomRightCardGradient16x9.png,/G/01/digital/video/merch/subs/benefit-id/m-r/Prime/logos/channels-logo-white.png%7C0,0,1920,1080+0,0,1920,1080+1578,847,263,156_kvf21cb47db8d34aa971cd86f57a65cf8d_SX624_FMjpg_.jpg","https://m.media-amazon.com/images/S/pv-target-images/b8131b9988e05564d50f513a6be539ae2133937e215c0ed49c7f65b2b2c319fc._UR1920,1080_CLs%7C1920,1080%7C/G/bundle/BottomRightCardGradient16x9.png,/G/01/digital/video/merch/subs/benefit-id/m-r/Prime/logos/channels-logo-white.png%7C0,0,1920,1080+0,0,1920,1080+1578,847,263,156_kvf21cb47db8d34aa971cd86f57a65cf8d_SX624_FMjpg_.jpg",""
"1790749741-21","https://www.amazon.com/gp/video/storefront","","Haunted horror TV","","DEAL","","LEAVING SOON","","","","","","","The Originals: The Complete Series","Grimm","My Paranormal Nightmare","GroovyGavin","The Magicians","Teen Wolf","Chapelwaite","The Witching Season","Island","","","","","","","","","","","","See more","","https://m.media-amazon.com/images/S/pv-target-images/6353c73906982dcb32f36633ca13ade6bb80042643be68757d66787a3bc96994._UR1920,1080_CLs%7C1920,1080%7C/G/bundle/BottomRightCardGradient16x9.png,/G/01/digital/video/merch/subs/benefit-id/m-r/Prime/logos/channels-logo-white.png%7C0,0,1920,1080+0,0,1920,1080+1578,847,263,156_kvf21cb47db8d34aa971cd86f57a65cf8d_SX624_FMjpg_.jpg","https://m.media-amazon.com/images/S/pv-target-images/57698406385ca729296fa7af8a99148b4605e508ce6fb1b2eb21de744b73c4f3._UR1920,1080_CLs%7C1920,1080%7C/G/bundle/BottomRightCardGradient16x9.png,/G/01/digital/video/merch/subs/benefit-id/m-r/Prime/logos/channels-logo-white.png%7C0,0,1920,1080+0,0,1920,1080+1578,847,263,156_kvf21cb47db8d34aa971cd86f57a65cf8d_SX624_FMjpg_.jpg","https://m.media-amazon.com/images/S/pv-target-images/ff06ec43e350ee763641b004254d5d2b4bf037dca1c4c186d5d9122fd18164f5._UR1920,1080_CLs%7C1920,1080%7C/G/bundle/BottomRightCardGradient16x9.png,/G/01/digital/video/merch/subs/benefit-id/m-r/Prime/logos/channels-logo-white.png%7C0,0,1920,1080+0,0,1920,1080+1578,847,263,156_kvf21cb47db8d34aa971cd86f57a65cf8d_SX624_FMjpg_.jpg","https://m.media-amazon.com/images/S/pv-target-images/b034797f1a02b4d6e65c5c4e4004f7f5e44d5ee38556446be96cfc9c6dd44409._UR1920,1080_CLs%7C1920,1080%7C/G/bundle/BottomRightCardGradient16x9.png,/G/01/digital/video/merch/subs/benefit-id/m-r/Prime/logos/channels-logo-white.png%7C0,0,1920,1080+0,0,1920,1080+1578,847,263,156_kvf21cb47db8d34aa971cd86f57a65cf8d_SX624_FMpng_.png","https://m.media-amazon.com/images/S/pv-target-images/e1d880cfc6d74cda80145e7b848fe463e88f977e73604b141c0d493fa2206036._UR1920,1080_CLs%7C1920,1080%7C/G/bundle/BottomRightCardGradient16x9.png,/G/01/digital/video/merch/subs/benefit-id/m-r/Prime/logos/channels-logo-white.png%7C0,0,1920,1080+0,0,1920,1080+1578,847,263,156_kvf21cb47db8d34aa971cd86f57a65cf8d_SX624_FMjpg_.jpg","https://m.media-amazon.com/images/S/pv-target-images/84c5a51bcf0880f8ebd699150a93265fcd354b9fbe5f4aea678747d5e74c74c6._UR1920,1080_CLs%7C1920,1080%7C/G/bundle/BottomRightCardGradient16x9.png,/G/01/digital/video/merch/subs/benefit-id/m-r/Prime/logos/channels-logo-white.png%7C0,0,1920,1080+0,0,1920,1080+1578,847,263,156_kvf21cb47db8d34aa971cd86f57a65cf8d_SX624_FMjpg_.jpg","https://m.media-amazon.com/images/S/pv-target-images/3bf07966b827de227f3783f1301b8de1fc9d0d780a6039dc3b35b9f00e092d1d._UR1920,1080_CLs%7C1920,1080%7C/G/bundle/BottomRightCardGradient16x9.png,/G/01/digital/video/merch/subs/benefit-id/a-f/epix/logos/channels-logo-white.png%7C0,0,1920,1080+0,0,1920,1080+1562,885,279,117_kv1d6cb72c75e3dd64f1668c5f3af724f2_SX624_FMjpg_.jpg","https://m.media-amazon.com/images/S/pv-target-images/13abf17eff55e80972d19fff75aa3902ddc907c396607ec3ebf5a5215c04015d._UR1920,1080_CLs%7C1920,1080%7C/G/bundle/BottomRightCardGradient16x9.png,/G/01/digital/video/merch/subs/benefit-id/m-r/Prime/logos/channels-logo-white.png%7C0,0,1920,1080+0,0,1920,1080+1578,847,263,156_kvf21cb47db8d34aa971cd86f57a65cf8d_SX624_FMjpg_.jpg","https://m.media-amazon.com/images/S/pv-target-images/a0129819590b1cd57ec6251fc6aa3a61546f1f091d1ee05bd94f7d1c91d22422._UR1920,1080_CLs%7C1920,1080%7C/G/bundle/BottomRightCardGradient16x9.png,/G/01/digital/video/merch/subs/benefit-id/m-r/Prime/logos/channels-logo-white.png%7C0,0,1920,1080+0,0,1920,1080+1578,847,263,156_kvf21cb47db8d34aa971cd86f57a65cf8d_SX624_FMjpg_.jpg",""
"1790749741-22","https://www.amazon.com/gp/video/storefront","","Free TV most watched","TOP 10","TOP 10","","TOP 10","TOP 10","","TOP 10","","TRENDING","TRENDING","Off Campus","Sterling Point","Ride or Die","Satisfaction","Reacher","Blue Ridge: The Series","Judy Justice","Blue Mountain State","Every Year After","","","","","","","","","","","","","","https://m.media-amazon.com/images/S/pv-target-images/8027fe1fcc5cba00727b0332335ffa165a7b87b4979dbd72e07009300217a69c._UR1920,1080_CLs%7C1920,1080%7C/G/bundle/BottomRightCardGradient16x9.png,/G/01/digital/video/merch/subs/benefit-id/m-r/Prime/logos/channels-logo-white.png%7C0,0,1920,1080+0,0,1920,1080+1578,847,263,156_kvf21cb47db8d34aa971cd86f57a65cf8d_SX624_FMjpg_.jpg","https://m.media-amazon.com/images/S/pv-target-images/f50e4e35dca855055fb86abb2adea6d751875c0b61a7de32fb457cdf4f0ca5e7._UR1920,1080_CLs%7C1920,1080%7C/G/bundle/BottomRightCardGradient16x9.png,/G/01/digital/video/merch/subs/benefit-id/m-r/Prime/logos/channels-logo-white.png%7C0,0,1920,1080+0,0,1920,1080+1578,847,263,156_kvf21cb47db8d34aa971cd86f57a65cf8d_SX624_FMjpg_.jpg","https://m.media-amazon.com/images/S/pv-target-images/bea426afc1e77cc959fcd4f6a2a8b67d4eab2f3105e66d452a66538450fd84f4._UR1920,1080_CLs%7C1920,1080%7C/G/bundle/BottomRightCardGradient16x9.png,/G/01/digital/video/merch/subs/benefit-id/m-r/Prime/logos/channels-logo-white.png%7C0,0,1920,1080+0,0,1920,1080+1578,847,263,156_kvf21cb47db8d34aa971cd86f57a65cf8d_SX624_FMjpg_.jpg","https://m.media-amazon.com/images/S/pv-target-images/4c69871f6b2f971375bc4590e637382aa1663368f7ea388f56d637fe0195a80d._UR1920,1080_CLs%7C1920,1080%7C/G/bundle/BottomRightCardGradient16x9.png,/G/01/digital/video/merch/subs/benefit-id/a-f/freewithads/logos/channels-logo-white.png%7C0,0,1920,1080+0,0,1920,1080+1578,847,263,156_kv053498f62d21803ffcbf28da234cfe9f_SX624_FMjpg_.jpg","https://m.media-amazon.com/images/S/pv-target-images/4500cf5c5c89eae889226d390d9f0eebd2c8843749a12ef4b02c38e56ad207cc._UR1920,1080_CLs%7C1920,1080%7C/G/bundle/BottomRightCardGradient16x9.png,/G/01/digital/video/merch/subs/benefit-id/a-f/freewithads/logos/channels-logo-white.png%7C0,0,1920,1080+0,0,1920,1080+1578,847,263,156_kv053498f62d21803ffcbf28da234cfe9f_SX624_FMjpg_.jpg","https://m.media-amazon.com/images/S/pv-target-images/8c313cf34568ff63bb4f65d805b30351e0cac492fcc4bd58f3daf41e4db9929e._UR1920,1080_CLs%7C1920,1080%7C/G/bundle/BottomRightCardGradient16x9.png,/G/01/digital/video/merch/subs/benefit-id/a-f/freewithads/logos/channels-logo-white.png%7C0,0,1920,1080+0,0,1920,1080+1578,847,263,156_kv053498f62d21803ffcbf28da234cfe9f_SX624_FMjpg_.jpg","https://m.media-amazon.com/images/S/pv-target-images/4a03330e80ae2dcdae2733b0dfe475d7ed72f6da45d31f238b3948eecaa0722e._UR1920,1080_CLs%7C1920,1080%7C/G/bundle/BottomRightCardGradient16x9.png,/G/01/digital/video/merch/subs/benefit-id/a-f/freewithads/logos/channels-logo-white.png%7C0,0,1920,1080+0,0,1920,1080+1578,847,263,156_kv053498f62d21803ffcbf28da234cfe9f_SX624_FMpng_.png","https://m.media-amazon.com/images/S/pv-target-images/4202dfc7df93024c170a46b156fe794221f033c4e5e409ba822ed2907450abd6._UR1920,1080_CLs%7C1920,1080%7C/G/bundle/BottomRightCardGradient16x9.png,/G/01/digital/video/merch/subs/benefit-id/a-f/freewithads/logos/channels-logo-white.png%7C0,0,1920,1080+0,0,1920,1080+1578,847,263,156_kv053498f62d21803ffcbf28da234cfe9f_SX624_FMjpg_.jpg","https://m.media-amazon.com/images/S/pv-target-images/d27ad4e002b1454ac14faf4e469691da0938c76eaa6178f59362a165e02ce917._UR1920,1080_CLs%7C1920,1080%7C/G/bundle/BottomRightCardGradient16x9.png,/G/01/digital/video/merch/subs/benefit-id/m-r/Prime/logos/channels-logo-white.png%7C0,0,1920,1080+0,0,1920,1080+1578,847,263,156_kvf21cb47db8d34aa971cd86f57a65cf8d_SX624_FMjpg_.jpg",""
"1790749741-23","https://www.amazon.com/gp/video/storefront","","Free popular TV","","","","","","","","","","","Cross","The Lord of the Rings: The Rings of Power","The Summer I Turned Pretty","Fatal First Dates","Batman: Caped Crusader","Young Sherlock","Scarpetta","Fallout","Holly Jolly Homicide","","","","","","","","","","","","See more","","https://m.media-amazon.com/images/S/pv-target-images/3500a9db385b0f9c3404a34087f628d546f814ef55fbc0c6f79a2a85001d1db6._UR1920,1080_CLs%7C1920,1080%7C/G/bundle/BottomRightCardGradient16x9.png,/G/01/digital/video/merch/subs/benefit-id/a-f/freewithads/logos/channels-logo-white.png%7C0,0,1920,1080+0,0,1920,1080+1578,847,263,156_kv053498f62d21803ffcbf28da234cfe9f_SX624_FMjpg_.jpg","https://m.media-amazon.com/images/S/pv-target-images/0705e32f6d314bad7eba9d35e74daafbca16857d5b4b937d16be1726d574ca5f._UR1920,1080_CLs%7C1920,1080%7C/G/bundle/BottomRightCardGradient16x9.png,/G/01/digital/video/merch/subs/benefit-id/a-f/freewithads/logos/channels-logo-white.png%7C0,0,1920,1080+0,0,1920,1080+1578,847,263,156_kv053498f62d21803ffcbf28da234cfe9f_SX624_FMjpg_.jpg","https://m.media-amazon.com/images/S/pv-target-images/2f3b8d6e59110b4d25b8a773c3c0611355ad9d519cad8d225ee9023884cde41e._UR1920,1080_CLs%7C1920,1080%7C/G/bundle/BottomRightCardGradient16x9.png,/G/01/digital/video/merch/subs/benefit-id/a-f/freewithads/logos/channels-logo-white.png%7C0,0,1920,1080+0,0,1920,1080+1578,847,263,156_kv053498f62d21803ffcbf28da234cfe9f_SX624_FMjpg_.jpg","https://m.media-amazon.com/images/S/pv-target-images/49d719e39b2f433710b9f74feae4b43d8f67f8ac17e5404b697e3a7c0085f659._UR1920,1080_CLs%7C1920,1080%7C/G/bundle/BottomRightCardGradient16x9.png,/G/01/digital/video/merch/subs/benefit-id/a-f/freewithads/logos/channels-logo-white.png%7C0,0,1920,1080+0,0,1920,1080+1578,847,263,156_kv053498f62d21803ffcbf28da234cfe9f_SX624_FMjpg_.jpg","https://m.media-amazon.com/images/S/pv-target-images/8eb7a14486c6a30c9ba7190ac69936b1dbe85a290b9f385d3fa616a98c6f0e08._UR1920,1080_CLs%7C1920,1080%7C/G/bundle/BottomRightCardGradient16x9.png,/G/01/digital/video/merch/subs/benefit-id/a-f/freewithads/logos/channels-logo-white.png%7C0,0,1920,1080+0,0,1920,1080+1578,847,263,156_kv053498f62d21803ffcbf28da234cfe9f_SX624_FMjpg_.jpg","https://m.media-amazon.com/images/S/pv-target-images/7fceb9ce2c32ddc01006650b2e6193c691fa3c29a9e6861a82937282e8367b26._UR1920,1080_CLs%7C1920,1080%7C/G/bundle/BottomRightCardGradient16x9.png,/G/01/digital/video/merch/subs/benefit-id/m-r/Prime/logos/channels-logo-white.png%7C0,0,1920,1080+0,0,1920,1080+1578,847,263,156_kvf21cb47db8d34aa971cd86f57a65cf8d_SX624_FMjpg_.jpg","https://m.media-amazon.com/images/S/pv-target-images/77c54df7711ff622ed2f193efec5183d94028aeebaa9c6b1c7ef537d0ec58e22._UR1920,1080_CLs%7C1920,1080%7C/G/bundle/BottomRightCardGradient16x9.png,/G/01/digital/video/merch/subs/benefit-id/m-r/Prime/logos/channels-logo-white.png%7C0,0,1920,1080+0,0,1920,1080+1578,847,263,156_kvf21cb47db8d34aa971cd86f57a65cf8d_SX624_FMpng_.png","https://m.media-amazon.com/images/S/pv-target-images/122472679e79b66230cc24fd97b6e7b0e4464c04c592917df215e18ca24eda31._UR1920,1080_CLs%7C1920,1080%7C/G/bundle/BottomRightCardGradient16x9.png,/G/01/digital/video/merch/subs/benefit-id/a-f/freewithads/logos/channels-logo-white.png%7C0,0,1920,1080+0,0,1920,1080+1578,847,263,156_kv053498f62d21803ffcbf28da234cfe9f_SX624_FMpng_.png","https://m.media-amazon.com/images/S/pv-target-images/0283554636269cd072946ac2e5d50d8c072d26adee098a6b2d004abc8b8327a2._UR1920,1080_CLs%7C1920,1080%7C/G/bundle/BottomRightCardGradient16x9.png,/G/01/digital/video/merch/subs/benefit-id/a-f/freewithads/logos/channels-logo-white.png%7C0,0,1920,1080+0,0,1920,1080+1578,847,263,156_kv053498f62d21803ffcbf28da234cfe9f_SX624_FMjpg_.jpg",""
"1790749741-24","https://www.amazon.com/gp/video/storefront","","Free TV trending now","","","TOP 10","","","","","","","TOP 10","Grand Star","Continuum","Reacher","Extinct","Wild Moments","Casa Grande","Clean Slate","Killer Women with Piers Morgan","Off Campus","","","","","","","","","","","","","","https://m.media-amazon.com/images/S/pv-target-images/b2269ab1c45b4df1dc7ec06266bb5bc6142dfeea836bf20e0db6ab569ba56caa._UR1920,1080_CLs%7C1920,1080%7C/G/bundle/BottomRightCardGradient16x9.png,/G/01/digital/video/merch/subs/benefit-id/a-f/freewithads/logos/channels-logo-white.png%7C0,0,1920,1080+0,0,1920,1080+1578,847,263,156_kv053498f62d21803ffcbf28da234cfe9f_SX624_FMjpg_.jpg","https://m.media-amazon.com/images/S/pv-target-images/25a7c3598bc7c98cae71785818113d3538b40f1065322aa76f6ddf8e8de5e36c._UR1920,1080_CLs%7C1920,1080%7C/G/bundle/BottomRightCardGradient16x9.png,/G/01/digital/video/merch/subs/benefit-id/a-f/freewithads/logos/channels-logo-white.png%7C0,0,1920,1080+0,0,1920,1080+1578,847,263,156_kv053498f62d21803ffcbf28da234cfe9f_SX624_FMjpg_.jpg","https://m.media-amazon.com/images/S/pv-target-images/4500cf5c5c89eae889226d390d9f0eebd2c8843749a12ef4b02c38e56ad207cc._UR1920,1080_CLs%7C1920,1080%7C/G/bundle/BottomRightCardGradient16x9.png,/G/01/digital/video/merch/subs/benefit-id/a-f/freewithads/logos/channels-logo-white.png%7C0,0,1920,1080+0,0,1920,1080+1578,847,263,156_kv053498f62d21803ffcbf28da234cfe9f_SX624_FMjpg_.jpg","https://m.media-amazon.com/images/S/pv-target-images/6816393a8dd596d7947031c37e6c255dc4911b84934dce5216d31faf4b4d8fe6._UR1920,1080_CLs%7C1920,1080%7C/G/bundle/BottomRightCardGradient16x9.png,/G/01/digital/video/merch/subs/benefit-id/a-f/freewithads/logos/channels-logo-white.png%7C0,0,1920,1080+0,0,1920,1080+1578,847,263,156_kv053498f62d21803ffcbf28da234cfe9f_SX624_FMjpg_.jpg","https://m.media-amazon.com/images/S/pv-target-images/c4d10a4a3098df22cd4628773eee74473562d421e4bbbf1ee918210c403d54f6._UR1920,1080_CLs%7C1920,1080%7C/G/bundle/BottomRightCardGradient16x9.png,/G/01/digital/video/merch/subs/benefit-id/a-f/freewithads/logos/channels-logo-white.png%7C0,0,1920,1080+0,0,1920,1080+1578,847,263,156_kv053498f62d21803ffcbf28da234cfe9f_SX624_FMjpg_.jpg","https://m.media-amazon.com/images/S/pv-target-images/7001fb837a4406c4936446ec30040766b05a0cf588463fadf6b97a81847fd7ec._UR1920,1080_CLs%7C1920,1080%7C/G/bundle/BottomRightCardGradient16x9.png,/G/01/digital/video/merch/subs/benefit-id/a-f/freewithads/logos/channels-logo-white.png%7C0,0,1920,1080+0,0,1920,1080+1578,847,263,156_kv053498f62d21803ffcbf28da234cfe9f_SX624_FMpng_.png","https://m.media-amazon.com/images/S/pv-target-images/5e83f5240a194a8407c691fd8cd41b6a86b361fbcc1cb634ea7f95ec801cf715._UR1920,1080_CLs%7C1920,1080%7C/G/bundle/BottomRightCardGradient16x9.png,/G/01/digital/video/merch/subs/benefit-id/a-f/freewithads/logos/channels-logo-white.png%7C0,0,1920,1080+0,0,1920,1080+1578,847,263,156_kv053498f62d21803ffcbf28da234cfe9f_SX624_FMpng_.png","https://m.media-amazon.com/images/S/pv-target-images/8ef9ded508936277e4dd188b97061cf9292aad9f6cd806e7114f4b388d27a749._UR1920,1080_CLs%7C1920,1080%7C/G/bundle/BottomRightCardGradient16x9.png,/G/01/digital/video/merch/subs/benefit-id/a-f/freewithads/logos/channels-logo-white.png%7C0,0,1920,1080+0,0,1920,1080+1578,847,263,156_kv053498f62d21803ffcbf28da234cfe9f_SX624_FMjpg_.jpg","https://m.media-amazon.com/images/S/pv-target-images/8027fe1fcc5cba00727b0332335ffa165a7b87b4979dbd72e07009300217a69c._UR1920,1080_CLs%7C1920,1080%7C/G/bundle/BottomRightCardGradient16x9.png,/G/01/digital/video/merch/subs/benefit-id/m-r/Prime/logos/channels-logo-white.png%7C0,0,1920,1080+0,0,1920,1080+1578,847,263,156_kvf21cb47db8d34aa971cd86f57a65cf8d_SX624_FMjpg_.jpg",""
"1790749741-25","https://www.amazon.com/gp/video/storefront","","Unscripted high risk, high reward","","","","","","","","","","","Backroads USA","Yosemite: America's Treasure","Anthony Bourdain A Cook's Tour","Lonely Planet: Best Parks Ever - America's National Parks","Mt. Rushmore and the Black Hills","Tiny BNB","Wonders of America's National Parks","Canada's National Parks","Inside America's National Parks","","","","","","","","","","","","","","https://m.media-amazon.com/images/S/pv-target-images/b7b40dff3e43897c06ca33ee1aebcd857fd0c293b9d23ed6f4db628adda12e32._UR1920,1080_CLs%7C1920,1080%7C/G/bundle/BottomRightCardGradient16x9.png,/G/01/digital/video/merch/subs/benefit-id/a-f/freewithads/logos/channels-logo-white.png%7C0,0,1920,1080+0,0,1920,1080+1578,847,263,156_kv053498f62d21803ffcbf28da234cfe9f_SX624_FMjpg_.jpg","https://m.media-amazon.com/images/S/pv-target-images/712c43beb04c4bc6b4ca882863c53f88ccfa622e6f05774513fa0327980db156._UR1920,1080_CLs%7C1920,1080%7C/G/bundle/BottomRightCardGradient16x9.png,/G/01/digital/video/merch/subs/benefit-id/a-f/freewithads/logos/channels-logo-white.png%7C0,0,1920,1080+0,0,1920,1080+1578,847,263,156_kv053498f62d21803ffcbf28da234cfe9f_SX624_FMpng_.png","https://m.media-amazon.com/images/S/pv-target-images/a522f02a97a789b3ebff2876313013ab5536a8ff068eb54f392ebbd278f93954._UR1920,1080_CLs%7C1920,1080%7C/G/bundle/BottomRightCardGradient16x9.png,/G/01/digital/video/merch/subs/benefit-id/a-f/freewithads/logos/channels-logo-white.png%7C0,0,1920,1080+0,0,1920,1080+1578,847,263,156_kv053498f62d21803ffcbf28da234cfe9f_SX624_FMjpg_.jpg","https://m.media-amazon.com/images/S/pv-target-images/ab741bee4d940e7140e2deaa7be8a8a6d30af4d2b1e49bee902325c9c7d8373d._UR1920,1080_CLs%7C1920,1080%7C/G/bundle/BottomRightCardGradient16x9.png,/G/01/digital/video/merch/subs/benefit-id/a-f/freewithads/logos/channels-logo-white.png%7C0,0,1920,1080+0,0,1920,1080+1578,847,263,156_kv053498f62d21803ffcbf28da234cfe9f_SX624_FMjpg_.jpg","https://m.media-amazon.com/images/S/pv-target-images/3db80a151c475c813efd052550a80977f78ec2dbb507a66983cc56a2e474ed75._UR1920,1080_CLs%7C1920,1080%7C/G/bundle/BottomRightCardGradient16x9.png,/G/01/digital/video/merch/subs/benefit-id/a-f/freewithads/logos/channels-logo-white.png%7C0,0,1920,1080+0,0,1920,1080+1578,847,263,156_kv053498f62d21803ffcbf28da234cfe9f_SX624_FMjpg_.jpg","https://m.media-amazon.com/images/S/pv-target-images/983a601a3ece056a96ef2c801cbc97025999e28cff1d80a92b7ba4be38802909._UR1920,1080_CLs%7C1920,1080%7C/G/bundle/BottomRightCardGradient16x9.png,/G/01/digital/video/merch/subs/benefit-id/a-f/freewithads/logos/channels-logo-white.png%7C0,0,1920,1080+0,0,1920,1080+1578,847,263,156_kv053498f62d21803ffcbf28da234cfe9f_SX624_FMjpg_.jpg","https://m.media-amazon.com/images/S/pv-target-images/6bd166676756294f12fb888ba115a833f5cfe163ce14250a704c5b3ea5aab4bc._UR1920,1080_CLs%7C1920,1080%7C/G/bundle/BottomRightCardGradient16x9.png,/G/01/digital/video/merch/subs/benefit-id/a-f/freewithads/logos/channels-logo-white.png%7C0,0,1920,1080+0,0,1920,1080+1578,847,263,156_kv053498f62d21803ffcbf28da234cfe9f_SX624_FMjpg_.jpg","https://m.media-amazon.com/images/S/pv-target-images/a8d7af913e4c0e31a4d3fc4d851a3b72131bbf40cd035bd21f5d17d4857749de._UR1920,1080_CLs%7C1920,1080%7C/G/bundle/BottomRightCardGradient16x9.png,/G/01/digital/video/merch/subs/benefit-id/a-f/freewithads/logos/channels-logo-white.png%7C0,0,1920,1080+0,0,1920,1080+1578,847,263,156_kv053498f62d21803ffcbf28da234cfe9f_SX624_FMjpg_.jpg","https://m.media-amazon.com/images/S/pv-target-images/4fbaade281fd24cde1f6bcccc5539d31f8209e91eca429221ce3331469c70825._UR1920,1080_CLs%7C1920,1080%7C/G/bundle/BottomRightCardGradient16x9.png,/G/01/digital/video/merch/subs/benefit-id/a-f/freewithads/logos/channels-logo-white.png%7C0,0,1920,1080+0,0,1920,1080+1578,847,263,156_kv053498f62d21803ffcbf28da234cfe9f_SX624_FMpng_.png",""
"1790749741-26","https://www.amazon.com/gp/video/storefront","","Your popular TV and movies","UPCOMING","UPCOMING","UPCOMING","UPCOMING","UPCOMING","UPCOMING","UPCOMING","","UPCOMING","UPCOMING","MLS La Previa⁩","MLS La Previa⁩","MLS Wrap-Up⁩","MLS Countdown","MLS Countdown","United States: Practice 1","MLS Wrap-Up⁩","United States: Practice 1 (Sky Sports)","MLS El Resumen⁩","","MLS La Previa⁩","MLS La Previa⁩","MLS Wrap-Up⁩","MLS Countdown","MLS Countdown","United States: Practice 1","MLS Wrap-Up⁩","United States: Practice 1 (Sky Sports)","MLS El Resumen⁩","","See more","","https://m.media-amazon.com/images/S/le-target-images-prod/amzn1.dv.gti.57a117dc-2956-4a9e-867c-38574b0a3957/3/BOXART-16X9/en-US._UR1920,1080_SX624_FMjpg_.jpeg","https://m.media-amazon.com/images/S/le-target-images-prod/amzn1.dv.gti.a81c83aa-ba47-40c3-91ed-19b645660f41/2/BOXART-16X9/en-US._UR1920,1080_SX624_FMjpg_.jpeg","https://m.media-amazon.com/images/S/le-target-images-prod/amzn1.dv.gti.98c57e8a-8512-41cc-8816-eacd77b67881/2/BOXART-16X9/en-US._UR1920,1080_SX624_FMjpg_.jpeg","https://m.media-amazon.com/images/S/le-target-images-prod/amzn1.dv.gti.170bbd7e-89a0-45a8-92b4-8bcdc781e423/2/BOXART-16X9/en-US._UR1920,1080_SX624_FMjpg_.jpeg","https://m.media-amazon.com/images/S/le-target-images-prod/amzn1.dv.gti.830cb44b-2506-4db4-b284-4582f5c01dcc/2/BOXART-16X9/en-US._UR1920,1080_SX624_FMjpg_.jpeg","https://m.media-amazon.com/images/S/le-target-images-prod/amzn1.dv.gti.dc09ea53-e637-4f70-816c-1ed7d7bfa123/3/BOXART-16X9/en-US._UR1920,1080_SX624_FMjpg_.jpeg","https://m.media-amazon.com/images/S/le-target-images-prod/amzn1.dv.gti.f392bc67-6db0-4407-95f0-8d5ac40ff3e4/3/BOXART-16X9/en-US._UR1920,1080_SX624_FMjpg_.jpeg","https://m.media-amazon.com/images/S/le-target-images-prod/amzn1.dv.gti.670f09fd-65d5-49ca-b699-f212277f6066/2/BOXART-16X9/en-US._UR1920,1080_SX624_FMjpg_.jpeg","https://m.media-amazon.com/images/S/le-target-images-prod/amzn1.dv.gti.847fe634-c1a1-4c57-bdf5-cbac94179cc9/2/BOXART-16X9/en-US._UR1920,1080_SX624_FMjpg_.jpeg",""
"1790749741-27","https://www.amazon.com/gp/video/storefront","","Amazon Originals – Free with ads","","","","","","","","","MOST REWATCHED","","Buy It Now","The Pradeeps of Pittsburgh","Beyond Black Beauty","The Lord of the Rings: The Rings of Power","Sausage Party: Foodtopia","Uninterrupted's Top Class Tennis","Tom Clancy's Jack Ryan","Hotel Transylvania: Transformania","Fairfax","","","","","","","","","","","","","","https://m.media-amazon.com/images/S/pv-target-images/aaa0603c79de256982909d3718728f3ab8981488bdded7f2ec51712469d74384._UR1920,1080_CLs%7C1920,1080%7C/G/bundle/BottomRightCardGradient16x9.png,/G/01/digital/video/merch/subs/benefit-id/a-f/freewithads/logos/channels-logo-white.png%7C0,0,1920,1080+0,0,1920,1080+1578,847,263,156_kv053498f62d21803ffcbf28da234cfe9f_SX624_FMjpg_.jpg","https://m.media-amazon.com/images/S/pv-target-images/fb1503b78760cc8958039fb7a793358027634ad519ed1e8d28550f13498ae390._UR1920,1080_CLs%7C1920,1080%7C/G/bundle/BottomRightCardGradient16x9.png,/G/01/digital/video/merch/subs/benefit-id/a-f/freewithads/logos/channels-logo-white.png%7C0,0,1920,1080+0,0,1920,1080+1578,847,263,156_kv053498f62d21803ffcbf28da234cfe9f_SX624_FMjpg_.jpg","https://m.media-amazon.com/images/S/pv-target-images/a850acfcbe332fe4daa1dc397bfa69899f3b40f6625f635f91cd1abeaaad080c._UR1920,1080_CLs%7C1920,1080%7C/G/bundle/BottomRightCardGradient16x9.png,/G/01/digital/video/merch/subs/benefit-id/a-f/freewithads/logos/channels-logo-white.png%7C0,0,1920,1080+0,0,1920,1080+1578,847,263,156_kv053498f62d21803ffcbf28da234cfe9f_SX624_FMjpg_.jpg","https://m.media-amazon.com/images/S/pv-target-images/0705e32f6d314bad7eba9d35e74daafbca16857d5b4b937d16be1726d574ca5f._UR1920,1080_CLs%7C1920,1080%7C/G/bundle/BottomRightCardGradient16x9.png,/G/01/digital/video/merch/subs/benefit-id/a-f/freewithads/logos/channels-logo-white.png%7C0,0,1920,1080+0,0,1920,1080+1578,847,263,156_kv053498f62d21803ffcbf28da234cfe9f_SX624_FMjpg_.jpg","https://m.media-amazon.com/images/S/pv-target-images/4fd04a8f490797295da7fa6e95ea0ed5d0cde5b8f4beaede1e5b277f64025d4b._UR1920,1080_CLs%7C1920,1080%7C/G/bundle/BottomRightCardGradient16x9.png,/G/01/digital/video/merch/subs/benefit-id/m-r/Prime/logos/channels-logo-white.png%7C0,0,1920,1080+0,0,1920,1080+1578,847,263,156_kvf21cb47db8d34aa971cd86f57a65cf8d_SX624_FMpng_.png","https://m.media-amazon.com/images/S/pv-target-images/ebdce592012d9279f334f1e7bc0413466a95a8ac27235c5437e62637817871e6._UR1920,1080_CLs%7C1920,1080%7C/G/bundle/BottomRightCardGradient16x9.png,/G/01/digital/video/merch/subs/benefit-id/a-f/freewithads/logos/channels-logo-white.png%7C0,0,1920,1080+0,0,1920,1080+1578,847,263,156_kv053498f62d21803ffcbf28da234cfe9f_SX624_FMjpg_.jpg","https://m.media-amazon.com/images/S/pv-target-images/8d175ef130acb7bcdd8dc6a80fd60fa7ec487f8006e086c6dc320f98aaed5ea8._UR1920,1080_CLs%7C1920,1080%7C/G/bundle/BottomRightCardGradient16x9.png,/G/01/digital/video/merch/subs/benefit-id/a-f/freewithads/logos/channels-logo-white.png%7C0,0,1920,1080+0,0,1920,1080+1578,847,263,156_kv053498f62d21803ffcbf28da234cfe9f_SX624_FMjpg_.jpg","https://m.media-amazon.com/images/S/pv-target-images/b48eea04ea5b68a7a67e1a983a6f6de088d8e1eecda2e66ed1b2d66e677b56dc._UR1920,1080_CLs%7C1920,1080%7C/G/bundle/BottomRightCardGradient16x9.png,/G/01/digital/video/merch/subs/benefit-id/a-f/freewithads/logos/channels-logo-white.png%7C0,0,1920,1080+0,0,1920,1080+1578,847,263,156_kv053498f62d21803ffcbf28da234cfe9f_SX624_FMpng_.png","https://m.media-amazon.com/images/S/pv-target-images/2987e021a984c575691ca978f8ad0acae43be0512032bb959ba91912f7cff03a._UR1920,1080_CLs%7C1920,1080%7C/G/bundle/BottomRightCardGradient16x9.png,/G/01/digital/video/merch/subs/benefit-id/a-f/freewithads/logos/channels-logo-white.png%7C0,0,1920,1080+0,0,1920,1080+1578,847,263,156_kv053498f62d21803ffcbf28da234cfe9f_SX624_FMpng_.png",""
"1790749741-28","https://www.amazon.com/gp/video/storefront","","Sports fan favorites with your subscriptions","","","","","","","","","","","Forever Strong","Touchback","Fastball","Full Count","Seabiscuit The Lost Documentary (in Color)","Tyson","Playing with Power: The Nintendo Story","Super Duper Bloopers - 75 Stars! Raw, Hilarious, & Uncensored","85: The Greatest Team In Football History","","","","","","","","","","","","See more","","https://m.media-amazon.com/images/S/pv-target-images/a7f2a92290d0017043dd79cf487f24fb6794e963497c1d5ed6d73700844719a3._UR1920,1080_CLs%7C1920,1080%7C/G/bundle/BottomRightCardGradient16x9.png,/G/01/digital/video/merch/subs/benefit-id/a-f/freewithads/logos/channels-logo-white.png%7C0,0,1920,1080+0,0,1920,1080+1578,847,263,156_kv053498f62d21803ffcbf28da234cfe9f_SX624_FMpng_.png","https://m.media-amazon.com/images/S/pv-target-images/7cdac2160bf5a2d5bda1d226047c43a97be219421c432d766b85b3a06c0d4bc7._UR1920,1080_CLs%7C1920,1080%7C/G/bundle/BottomRightCardGradient16x9.png,/G/01/digital/video/merch/subs/benefit-id/a-f/freewithads/logos/channels-logo-white.png%7C0,0,1920,1080+0,0,1920,1080+1578,847,263,156_kv053498f62d21803ffcbf28da234cfe9f_SX624_FMjpg_.jpg","https://m.media-amazon.com/images/S/pv-target-images/cea46a50894ecb49d258eb84ff74bf8b461811a4c095d192d0b503e33d9ceaa4._UR1920,1080_CLs%7C1920,1080%7C/G/bundle/BottomRightCardGradient16x9.png,/G/01/digital/video/merch/subs/benefit-id/a-f/freewithads/logos/channels-logo-white.png%7C0,0,1920,1080+0,0,1920,1080+1578,847,263,156_kv053498f62d21803ffcbf28da234cfe9f_SX624_FMjpg_.jpg","https://m.media-amazon.com/images/S/pv-target-images/a53e351312c22a7c4b4f31ada357fca58eb66afa9420e99ccefdc0e69430f615._UR1920,1080_CLs%7C1920,1080%7C/G/bundle/BottomRightCardGradient16x9.png,/G/01/digital/video/merch/subs/benefit-id/a-f/freewithads/logos/channels-logo-white.png%7C0,0,1920,1080+0,0,1920,1080+1578,847,263,156_kv053498f62d21803ffcbf28da234cfe9f_SX624_FMjpg_.jpg","https://m.media-amazon.com/images/S/pv-target-images/49cecf5139438706b704b8be8e909c5595d05bdb32506c8cb45ab3be8378baff._UR1920,1080_CLs%7C1920,1080%7C/G/bundle/BottomRightCardGradient16x9.png,/G/01/digital/video/merch/subs/benefit-id/a-f/freewithads/logos/channels-logo-white.png%7C0,0,1920,1080+0,0,1920,1080+1578,847,263,156_kv053498f62d21803ffcbf28da234cfe9f_SX624_FMpng_.png","https://m.media-amazon.com/images/S/pv-target-images/436741d638f7c8095761b81fdd005ff444a0806371ff6e91d707cfd35a5582ed._UR1920,1080_CLs%7C1920,1080%7C/G/bundle/BottomRightCardGradient16x9.png,/G/01/digital/video/merch/subs/benefit-id/a-f/freewithads/logos/channels-logo-white.png%7C0,0,1920,1080+0,0,1920,1080+1578,847,263,156_kv053498f62d21803ffcbf28da234cfe9f_SX624_FMjpg_.jpg","https://m.media-amazon.com/images/S/pv-target-images/8222edcd9d6f5da8ce4a5f364fec0640ccf57b4630cc13407bbebc3fdc5766ea._UR1920,1080_CLs%7C1920,1080%7C/G/bundle/BottomRightCardGradient16x9.png,/G/01/digital/video/merch/subs/benefit-id/a-f/freewithads/logos/channels-logo-white.png%7C0,0,1920,1080+0,0,1920,1080+1578,847,263,156_kv053498f62d21803ffcbf28da234cfe9f_SX624_FMjpg_.jpg","https://m.media-amazon.com/images/S/pv-target-images/2f2719a88859aa87ac1f47d4b83bfeafb0249ff7db6ba07c369bdb3a3a121448._UR1920,1080_CLs%7C1920,1080%7C/G/bundle/BottomRightCardGradient16x9.png,/G/01/digital/video/merch/subs/benefit-id/a-f/freewithads/logos/channels-logo-white.png%7C0,0,1920,1080+0,0,1920,1080+1578,847,263,156_kv053498f62d21803ffcbf28da234cfe9f_SX624_FMpng_.png","https://m.media-amazon.com/images/S/pv-target-images/615c133df883f0e150bfb623fb2e6c7b0cabe2950f27074e2507feabeed4ec0b._UR1920,1080_CLs%7C1920,1080%7C/G/bundle/BottomRightCardGradient16x9.png,/G/01/digital/video/merch/subs/benefit-id/a-f/freewithads/logos/channels-logo-white.png%7C0,0,1920,1080+0,0,1920,1080+1578,847,263,156_kv053498f62d21803ffcbf28da234cfe9f_SX624_FMjpg_.jpg",""
"1790749741-29","https://www.amazon.com/gp/video/storefront","","Addictive reality TV","","","","","","","","","","","Judge Faith","PrestonPlayz","The Simple Life","Full Custom Garage","Project Runway","Ultimate Cowboy Showdown","To Tell The Truth with Bud Collyer","Brianna Playz","Zeitgeist: The Movie","","","","","","","","","","","","","","https://m.media-amazon.com/images/S/pv-target-images/d89d462361baa28c800abe3a21620bb8e8dba26f4a52fb026ce07bba79a992cf._UR1920,1080_CLs%7C1920,1080%7C/G/bundle/BottomRightCardGradient16x9.png,/G/01/digital/video/merch/subs/benefit-id/a-f/freewithads/logos/channels-logo-white.png%7C0,0,1920,1080+0,0,1920,1080+1578,847,263,156_kv053498f62d21803ffcbf28da234cfe9f_SX624_FMjpg_.jpg","https://m.media-amazon.com/images/S/pv-target-images/1f85902ab938f6d64f76e6ccb7a034d2e8bd721986da3223e919f5bc3188fcf5._UR1920,1080_CLs%7C1920,1080%7C/G/bundle/BottomRightCardGradient16x9.png,/G/01/digital/video/merch/subs/benefit-id/a-f/freewithads/logos/channels-logo-white.png%7C0,0,1920,1080+0,0,1920,1080+1578,847,263,156_kv053498f62d21803ffcbf28da234cfe9f_SX624_FMjpg_.jpg","https://m.media-amazon.com/images/S/pv-target-images/57ea5d93bf392d464f6030b8178930f235de6bb1e7ffb2635c4b85a58f19f7bd._UR1920,1080_CLs%7C1920,1080%7C/G/bundle/BottomRightCardGradient16x9.png,/G/01/digital/video/merch/subs/benefit-id/a-f/freewithads/logos/channels-logo-white.png%7C0,0,1920,1080+0,0,1920,1080+1578,847,263,156_kv053498f62d21803ffcbf28da234cfe9f_SX624_FMjpg_.jpg","https://m.media-amazon.com/images/S/pv-target-images/65d9076dc4f2b514a9f41a6a5e65e3834b3c5a1c4724db11b427d23251294173._UR1920,1080_CLs%7C1920,1080%7C/G/bundle/BottomRightCardGradient16x9.png,/G/01/digital/video/merch/subs/benefit-id/a-f/freewithads/logos/channels-logo-white.png%7C0,0,1920,1080+0,0,1920,1080+1578,847,263,156_kv053498f62d21803ffcbf28da234cfe9f_SX624_FMjpg_.jpg","https://m.media-amazon.com/images/S/pv-target-images/9bf0ab98fb9031313d41e8f7ce738a0f73266411a7e58c75174d4263d503bfe9._UR1920,1080_CLs%7C1920,1080%7C/G/bundle/BottomRightCardGradient16x9.png,/G/01/digital/video/merch/subs/benefit-id/a-f/freewithads/logos/channels-logo-white.png%7C0,0,1920,1080+0,0,1920,1080+1578,847,263,156_kv053498f62d21803ffcbf28da234cfe9f_SX624_FMjpg_.jpg","https://m.media-amazon.com/images/S/pv-target-images/c76fb3129145e9cab86edf491028133c86fd7312b832166a84c1f28a366caa64._UR1920,1080_CLs%7C1920,1080%7C/G/bundle/BottomRightCardGradient16x9.png,/G/01/digital/video/merch/subs/benefit-id/a-f/freewithads/logos/channels-logo-white.png%7C0,0,1920,1080+0,0,1920,1080+1578,847,263,156_kv053498f62d21803ffcbf28da234cfe9f_SX624_FMjpg_.jpg","https://m.media-amazon.com/images/S/pv-target-images/060dc641b89a2e3d2435b797743f6f4c4a9036a8ba7d2d0cf5f88472381a0068._UR1920,1080_CLs%7C1920,1080%7C/G/bundle/BottomRightCardGradient16x9.png,/G/01/digital/video/merch/subs/benefit-id/a-f/freewithads/logos/channels-logo-white.png%7C0,0,1920,1080+0,0,1920,1080+1578,847,263,156_kv053498f62d21803ffcbf28da234cfe9f_SX624_FMjpg_.jpg","https://m.media-amazon.com/images/S/pv-target-images/56122ef905fec2efd8e93225e0a77747f0578c776dccf793000a04342afd0346._UR1920,1080_CLs%7C1920,1080%7C/G/bundle/BottomRightCardGradient16x9.png,/G/01/digital/video/merch/subs/benefit-id/a-f/freewithads/logos/channels-logo-white.png%7C0,0,1920,1080+0,0,1920,1080+1578,847,263,156_kv053498f62d21803ffcbf28da234cfe9f_SX624_FMjpg_.jpg","https://m.media-amazon.com/images/S/pv-target-images/a2832cb2ad76a329368e37e0d01c8d07ffd3f78d1fa2d5a04ad3b667ead34202._UR1920,1080_CLs%7C1920,1080%7C/G/bundle/BottomRightCardGradient16x9.png,/G/01/digital/video/merch/subs/benefit-id/a-f/freewithads/logos/channels-logo-white.png%7C0,0,1920,1080+0,0,1920,1080+1578,847,263,156_kv053498f62d21803ffcbf28da234cfe9f_SX624_FMjpg_.jpg",""
"1790749741-30","https://www.amazon.com/gp/video/storefront","","Free sports movies and TV","","","","","","","","","","","The Grand Tour","Cocaine Quarterback: Signal-Caller for the Cartel","Greater [OV]","Air","Is Grandpa Crazy?","Wisp","WhistlinDiesel","Hardball","MaxCraft","","","","","","","","","","","","See more","","https://m.media-amazon.com/images/S/pv-target-images/641a87457acf2d3544de589678cdc87da40019de85e31bc7f38587f040253669._UR1920,1080_CLs%7C1920,1080%7C/G/bundle/BottomRightCardGradient16x9.png,/G/01/digital/video/merch/subs/benefit-id/a-f/freewithads/logos/channels-logo-white.png%7C0,0,1920,1080+0,0,1920,1080+1578,847,263,156_kv053498f62d21803ffcbf28da234cfe9f_SX624_FMpng_.png","https://m.media-amazon.com/images/S/pv-target-images/b4881d994fdff6a7c957be4eaa24e007626f10b29eedfad50a6c8f5c2e69b956._UR1920,1080_CLs%7C1920,1080%7C/G/bundle/BottomRightCardGradient16x9.png,/G/01/digital/video/merch/subs/benefit-id/m-r/Prime/logos/channels-logo-white.png%7C0,0,1920,1080+0,0,1920,1080+1578,847,263,156_kvf21cb47db8d34aa971cd86f57a65cf8d_SX624_FMjpg_.jpg","https://m.media-amazon.com/images/S/pv-target-images/67f9e5b2e7408038277d7c6eb5bf201c5ad08f49aa7cc76202c8f13181149398._UR1920,1080_CLs%7C1920,1080%7C/G/bundle/BottomRightCardGradient16x9.png,/G/01/digital/video/merch/subs/benefit-id/a-f/freewithads/logos/channels-logo-white.png%7C0,0,1920,1080+0,0,1920,1080+1578,847,263,156_kv053498f62d21803ffcbf28da234cfe9f_SX624_FMjpg_.jpg","https://m.media-amazon.com/images/S/pv-target-images/52b4fa808ba6352124ad5a5692fb387c16743e901ed11f62b3091b8675133e7a._UR1920,1080_CLs%7C1920,1080%7C/G/bundle/BottomRightCardGradient16x9.png,/G/01/digital/video/merch/subs/benefit-id/a-f/freewithads/logos/channels-logo-white.png%7C0,0,1920,1080+0,0,1920,1080+1578,847,263,156_kv053498f62d21803ffcbf28da234cfe9f_SX624_FMjpg_.jpg","https://m.media-amazon.com/images/S/pv-target-images/eb7591d759ead42fdbb3bba3d8a3fa07d4e0a116eeb9f619442937525abdb945._UR1920,1080_CLs%7C1920,1080%7C/G/bundle/BottomRightCardGradient16x9.png,/G/01/digital/video/merch/subs/benefit-id/a-f/freewithads/logos/channels-logo-white.png%7C0,0,1920,1080+0,0,1920,1080+1578,847,263,156_kv053498f62d21803ffcbf28da234cfe9f_SX624_FMjpg_.jpg","https://m.media-amazon.com/images/S/pv-target-images/a6b78942e0dc3d6c46b893c91e832755cfcfb6138164cdb1dbbf381bb61d66c3._UR1920,1080_CLs%7C1920,1080%7C/G/bundle/BottomRightCardGradient16x9.png,/G/01/digital/video/merch/subs/benefit-id/a-f/freewithads/logos/channels-logo-white.png%7C0,0,1920,1080+0,0,1920,1080+1578,847,263,156_kv053498f62d21803ffcbf28da234cfe9f_SX624_FMjpg_.jpg","https://m.media-amazon.com/images/S/pv-target-images/45be0402bf0fe0de2ee15050541bf5b9f10990294280545b2f29f79fa41455ea._UR1920,1080_CLs%7C1920,1080%7C/G/bundle/BottomRightCardGradient16x9.png,/G/01/digital/video/merch/subs/benefit-id/a-f/freewithads/logos/channels-logo-white.png%7C0,0,1920,1080+0,0,1920,1080+1578,847,263,156_kv053498f62d21803ffcbf28da234cfe9f_SX624_FMjpg_.jpg","https://m.media-amazon.com/images/S/pv-target-images/1d18622dbc66287c9df5936bd21c92fad5d6e5263e84ae7ebf3a087518baa5dd._UR1920,1080_CLs%7C1920,1080%7C/G/bundle/BottomRightCardGradient16x9.png,/G/01/digital/video/merch/subs/benefit-id/a-f/freewithads/logos/channels-logo-white.png%7C0,0,1920,1080+0,0,1920,1080+1578,847,263,156_kv053498f62d21803ffcbf28da234cfe9f_SX624_FMjpg_.jpg","https://m.media-amazon.com/images/S/pv-target-images/7da5c4e8e6f3d2504b305f980e4d93e1bac18ce0bda5a6577e923ffcd2401aac._UR1920,1080_CLs%7C1920,1080%7C/G/bundle/BottomRightCardGradient16x9.png,/G/01/digital/video/merch/subs/benefit-id/a-f/freewithads/logos/channels-logo-white.png%7C0,0,1920,1080+0,0,1920,1080+1578,847,263,156_kv053498f62d21803ffcbf28da234cfe9f_SX624_FMjpg_.jpg",""
"1790749741-31","https://www.amazon.com/gp/video/storefront","","Mission critical","","","","","","","TRENDING","","","","Outside The Wire","Ip Man","War of 1812","Great Commanders and Battles of the Civil War","The Road To Pearl Harbor, 1919-1941","After Braveheart","Decisive Battles of Hitler's War: Stalingrad","The Last Ridge: The 10th Mountain Division","Modern Warfare: The Korean War","","","","","","","","","","","","","","https://m.media-amazon.com/images/S/pv-target-images/fd046afa643870919f683744a052cc1438e7effd32e705d6cda7dfae2b34b3e7._UR1920,1080_CLs%7C1920,1080%7C/G/bundle/BottomRightCardGradient16x9.png,/G/01/digital/video/merch/subs/benefit-id/a-f/freewithads/logos/channels-logo-white.png%7C0,0,1920,1080+0,0,1920,1080+1578,847,263,156_kv053498f62d21803ffcbf28da234cfe9f_SX624_FMjpg_.jpg","https://m.media-amazon.com/images/S/pv-target-images/13f72b92cd6f27202b2b277fb53ab513e4d26ba5e9709d739ab4d1dece387138._UR1920,1080_CLs%7C1920,1080%7C/G/bundle/BottomRightCardGradient16x9.png,/G/01/digital/video/merch/subs/benefit-id/a-f/freewithads/logos/channels-logo-white.png%7C0,0,1920,1080+0,0,1920,1080+1578,847,263,156_kv053498f62d21803ffcbf28da234cfe9f_SX624_FMpng_.png","https://m.media-amazon.com/images/S/pv-target-images/a8421908dc79606bc2473b465f4ff9f16a675fd9baa43cfaff47d5d0095416b0._UR1920,1080_CLs%7C1920,1080%7C/G/bundle/BottomRightCardGradient16x9.png,/G/01/digital/video/merch/subs/benefit-id/a-f/freewithads/logos/channels-logo-white.png%7C0,0,1920,1080+0,0,1920,1080+1578,847,263,156_kv053498f62d21803ffcbf28da234cfe9f_SX624_FMjpg_.jpg","https://m.media-amazon.com/images/S/pv-target-images/e0e47bd1cd13d51fe2a6e88849f9129e5cf06a721f7a0cf8edbc82c12d7d742c._UR1920,1080_CLs%7C1920,1080%7C/G/bundle/BottomRightCardGradient16x9.png,/G/01/digital/video/merch/subs/benefit-id/a-f/freewithads/logos/channels-logo-white.png%7C0,0,1920,1080+0,0,1920,1080+1578,847,263,156_kv053498f62d21803ffcbf28da234cfe9f_SX624_FMjpg_.jpg","https://m.media-amazon.com/images/S/pv-target-images/79868a5e41ee65fedc98b414e84b4c8c1f976aff79b091299da08d5a5723f686._UR1920,1080_CLs%7C1920,1080%7C/G/bundle/BottomRightCardGradient16x9.png,/G/01/digital/video/merch/subs/benefit-id/a-f/freewithads/logos/channels-logo-white.png%7C0,0,1920,1080+0,0,1920,1080+1578,847,263,156_kv053498f62d21803ffcbf28da234cfe9f_SX624_FMjpg_.jpg","https://m.media-amazon.com/images/S/pv-target-images/dd49de247c57935907f8a7ba48136e50b152242d36e617ce3ad98020651eac4a._UR1920,1080_CLs%7C1920,1080%7C/G/bundle/BottomRightCardGradient16x9.png,/G/01/digital/video/merch/subs/benefit-id/a-f/freewithads/logos/channels-logo-white.png%7C0,0,1920,1080+0,0,1920,1080+1578,847,263,156_kv053498f62d21803ffcbf28da234cfe9f_SX624_FMjpg_.jpg","https://m.media-amazon.com/images/S/pv-target-images/26af29cd409cc26e74433ba46a57fda6cf4067fb4923acb773f842bc895c1a21._UR1920,1080_CLs%7C1920,1080%7C/G/bundle/BottomRightCardGradient16x9.png,/G/01/digital/video/merch/subs/benefit-id/a-f/freewithads/logos/channels-logo-white.png%7C0,0,1920,1080+0,0,1920,1080+1578,847,263,156_kv053498f62d21803ffcbf28da234cfe9f_SX624_FMjpg_.jpg","https://m.media-amazon.com/images/S/pv-target-images/43f450fb79cecb8d6662b5a1f9370b477deb9c599c141d7d2d477bcfcf7695d1._UR1920,1080_CLs%7C1920,1080%7C/G/bundle/BottomRightCardGradient16x9.png,/G/01/digital/video/merch/subs/benefit-id/a-f/freewithads/logos/channels-logo-white.png%7C0,0,1920,1080+0,0,1920,1080+1578,847,263,156_kv053498f62d21803ffcbf28da234cfe9f_SX624_FMpng_.png","https://m.media-amazon.com/images/S/pv-target-images/f3d535cb756df61cb50d237fddd9a0c30c2426c395951a9a6313213dfd8a9783._UR1920,1080_CLs%7C1920,1080%7C/G/bundle/BottomRightCardGradient16x9.png,/G/01/digital/video/merch/subs/benefit-id/a-f/freewithads/logos/channels-logo-white.png%7C0,0,1920,1080+0,0,1920,1080+1578,847,263,156_kv053498f62d21803ffcbf28da234cfe9f_SX624_FMjpg_.jpg",""
"1790749741-32","https://www.amazon.com/gp/video/storefront","","IMDb 7+ with subscriptions","","","TRENDING","","","","","","","","The World's Biggest Bomb","Michael Jackson: Ungloved","Stillwater","Set In Stone, Evidence For Earth's Catastrophic Past","Young Guns","Beautiful Wedding","Gary And His Demons","The Hunt","Taboo","","","","","","","","","","","","","","https://m.media-amazon.com/images/S/pv-target-images/6f5c0fa1bf6f1a350913665706713ec728d5225bee345b8d0e502150b2c93fa6._UR1920,1080_CLs%7C1920,1080%7C/G/bundle/BottomRightCardGradient16x9.png,/G/01/digital/video/merch/subs/benefit-id/a-f/britboxpremierus/logos/channels-logo-white.png%7C0,0,1920,1080+0,0,1920,1080+1375,885,466,117_kvf0738a83067493e04b51b85fdcf39dfe_SX624_FMpng_.png","https://m.media-amazon.com/images/S/pv-target-images/f94b9e662e45da5629f2d694d0870a879b94b5fb386dee8d620b5d8ced877725._UR1920,1080_CLs%7C1920,1080%7C/G/bundle/BottomRightCardGradient16x9.png,/G/01/digital/video/merch/subs/benefit-id/a-f/freewithads/logos/channels-logo-white.png%7C0,0,1920,1080+0,0,1920,1080+1578,847,263,156_kv053498f62d21803ffcbf28da234cfe9f_SX624_FMjpg_.jpg","https://m.media-amazon.com/images/S/pv-target-images/6708c2dfa05326bd61ea17fefff011faf0591458a0d3b2b90ff84187ed5715d9._UR1920,1080_CLs%7C1920,1080%7C/G/bundle/BottomRightCardGradient16x9.png,/G/01/digital/video/merch/subs/benefit-id/a-f/freewithads/logos/channels-logo-white.png%7C0,0,1920,1080+0,0,1920,1080+1578,847,263,156_kv053498f62d21803ffcbf28da234cfe9f_SX624_FMjpg_.jpg","https://m.media-amazon.com/images/S/pv-target-images/6a643c32aeb920e4aaa4fd1a5362bc14b29bfdf8aa31fb53db67714fc8d1fc78._UR1920,1080_CLs%7C1920,1080%7C/G/bundle/BottomRightCardGradient16x9.png,/G/01/digital/video/merch/subs/benefit-id/a-f/freewithads/logos/channels-logo-white.png%7C0,0,1920,1080+0,0,1920,1080+1578,847,263,156_kv053498f62d21803ffcbf28da234cfe9f_SX624_FMjpg_.jpg","https://m.media-amazon.com/images/S/pv-target-images/7c7929193e6eb0a490d85b42f8075a0560f6139ab322776ace7f8f9307753a89._UR1920,1080_CLs%7C1920,1080%7C/G/bundle/BottomRightCardGradient16x9.png,/G/01/digital/video/merch/subs/benefit-id/a-f/freewithads/logos/channels-logo-white.png%7C0,0,1920,1080+0,0,1920,1080+1578,847,263,156_kv053498f62d21803ffcbf28da234cfe9f_SX624_FMjpg_.jpg","https://m.media-amazon.com/images/S/pv-target-images/6718ad4d45af3435c118a45293259c526b4a307ff3a7df336699e4503b7c7a05._UR1920,1080_CLs%7C1920,1080%7C/G/bundle/BottomRightCardGradient16x9.png,/G/01/digital/video/merch/subs/benefit-id/a-f/freewithads/logos/channels-logo-white.png%7C0,0,1920,1080+0,0,1920,1080+1578,847,263,156_kv053498f62d21803ffcbf28da234cfe9f_SX624_FMpng_.png","https://m.media-amazon.com/images/S/pv-target-images/db1d23b119e11b4781e6a185beadac230cf3c6d5e915b45e28858dc0f393202a._UR1920,1080_CLs%7C1920,1080%7C/G/bundle/BottomRightCardGradient16x9.png,/G/01/digital/video/merch/subs/benefit-id/a-f/freewithads/logos/channels-logo-white.png%7C0,0,1920,1080+0,0,1920,1080+1578,847,263,156_kv053498f62d21803ffcbf28da234cfe9f_SX624_FMjpg_.jpg","https://m.media-amazon.com/images/S/pv-target-images/a9cab1fd3554fecd24f33bc3fd85304a656899cc08a6c75455decc8a6327b04f._UR1920,1080_CLs%7C1920,1080%7C/G/bundle/BottomRightCardGradient16x9.png,/G/01/digital/video/merch/subs/benefit-id/a-f/freewithads/logos/channels-logo-white.png%7C0,0,1920,1080+0,0,1920,1080+1578,847,263,156_kv053498f62d21803ffcbf28da234cfe9f_SX624_FMjpg_.jpg","https://m.media-amazon.com/images/S/pv-target-images/85a498b527624cad50ecf2869f9ce684f6d2436f91b76b3a9a66eed13e64e8df._UR1920,1080_CLs%7C1920,1080%7C/G/bundle/BottomRightCardGradient16x9.png,/G/01/digital/video/merch/subs/benefit-id/a-f/freewithads/logos/channels-logo-white.png%7C0,0,1920,1080+0,0,1920,1080+1578,847,263,156_kv053498f62d21803ffcbf28da234cfe9f_SX624_FMjpg_.jpg",""
"1790749741-33","https://www.amazon.com/gp/video/storefront","","Free documentaries","","","","","","","","","TRENDING","TRENDING","9-11: The Day the World Stood Still","9/11 The Falling Man","Truth or Dare: The Murder of Mary Gregory","Killer Whales","1945: The Savage Peace","Cold War Submarine Adventures: K-19 - Doomsday Submarine","Freaks of the Sea","Dunkirk: The Real Story","Baja - The Other California","","","","","","","","","","","","See more","","https://m.media-amazon.com/images/S/pv-target-images/4df5b63d384488093bd51166423b7693217ed8cee51b72d7dfcbaf23d2f73752._UR1920,1080_CLs%7C1920,1080%7C/G/bundle/BottomRightCardGradient16x9.png,/G/01/digital/video/merch/subs/benefit-id/a-f/freewithads/logos/channels-logo-white.png%7C0,0,1920,1080+0,0,1920,1080+1578,847,263,156_kv053498f62d21803ffcbf28da234cfe9f_SX624_FMjpg_.jpg","https://m.media-amazon.com/images/S/pv-target-images/edfa0f9beb27b3276e8027ba36ff0a90adadcf26f8d94a2188c4ccc09efd9c50._UR1920,1080_CLs%7C1920,1080%7C/G/bundle/BottomRightCardGradient16x9.png,/G/01/digital/video/merch/subs/benefit-id/a-f/freewithads/logos/channels-logo-white.png%7C0,0,1920,1080+0,0,1920,1080+1578,847,263,156_kv053498f62d21803ffcbf28da234cfe9f_SX624_FMpng_.png","https://m.media-amazon.com/images/S/pv-target-images/148bcab21a9f42b82e0ecc9bd43bcf564cea13a67aeab22bd54b8c54f9dfd1db._UR1920,1080_CLs%7C1920,1080%7C/G/bundle/BottomRightCardGradient16x9.png,/G/01/digital/video/merch/subs/benefit-id/a-f/freewithads/logos/channels-logo-white.png%7C0,0,1920,1080+0,0,1920,1080+1578,847,263,156_kv053498f62d21803ffcbf28da234cfe9f_SX624_FMjpg_.jpg","https://m.media-amazon.com/images/S/pv-target-images/e3cffe9a899ccf61ce0fa1c7ea0ce2ce1fb68074fd039bc3b734212f3a320d56._UR1920,1080_CLs%7C1920,1080%7C/G/bundle/BottomRightCardGradient16x9.png,/G/01/digital/video/merch/subs/benefit-id/a-f/freewithads/logos/channels-logo-white.png%7C0,0,1920,1080+0,0,1920,1080+1578,847,263,156_kv053498f62d21803ffcbf28da234cfe9f_SX624_FMjpg_.jpg","https://m.media-amazon.com/images/S/pv-target-images/01a07c8f84345bb175998880588d8b3288ec2fd1cc2a8825d18dfafa9bb82eb1._UR1920,1080_CLs%7C1920,1080%7C/G/bundle/BottomRightCardGradient16x9.png,/G/01/digital/video/merch/subs/benefit-id/a-f/freewithads/logos/channels-logo-white.png%7C0,0,1920,1080+0,0,1920,1080+1578,847,263,156_kv053498f62d21803ffcbf28da234cfe9f_SX624_FMpng_.png","https://m.media-amazon.com/images/S/pv-target-images/ac1d243a65a9f72ae0da2c748c57f5edea0d5cf70a14c4a6d1397374447d7191._UR1920,1080_CLs%7C1920,1080%7C/G/bundle/BottomRightCardGradient16x9.png,/G/01/digital/video/merch/subs/benefit-id/a-f/freewithads/logos/channels-logo-white.png%7C0,0,1920,1080+0,0,1920,1080+1578,847,263,156_kv053498f62d21803ffcbf28da234cfe9f_SX624_FMjpg_.jpg","https://m.media-amazon.com/images/S/pv-target-images/86d61b55d1e11ca1b1180a54e322174927cbb5ff80351cb977ef15a8f133b3c6._UR1920,1080_CLs%7C1920,1080%7C/G/bundle/BottomRightCardGradient16x9.png,/G/01/digital/video/merch/subs/benefit-id/a-f/freewithads/logos/channels-logo-white.png%7C0,0,1920,1080+0,0,1920,1080+1578,847,263,156_kv053498f62d21803ffcbf28da234cfe9f_SX624_FMjpg_.jpg","https://m.media-amazon.com/images/S/pv-target-images/81ebc92efc354729c750dec024e0d16f767076990540563e57cd8695ce216733._UR1920,1080_CLs%7C1920,1080%7C/G/bundle/BottomRightCardGradient16x9.png,/G/01/digital/video/merch/subs/benefit-id/a-f/freewithads/logos/channels-logo-white.png%7C0,0,1920,1080+0,0,1920,1080+1578,847,263,156_kv053498f62d21803ffcbf28da234cfe9f_SX624_FMjpg_.jpg","https://m.media-amazon.com/images/S/pv-target-images/a76eb5ef15f0a524e92c6264fcfc92248c7460eb940eee75c05f260985000fc3._UR1920,1080_CLs%7C1920,1080%7C/G/bundle/BottomRightCardGradient16x9.png,/G/01/digital/video/merch/subs/benefit-id/a-f/freewithads/logos/channels-logo-white.png%7C0,0,1920,1080+0,0,1920,1080+1578,847,263,156_kv053498f62d21803ffcbf28da234cfe9f_SX624_FMjpg_.jpg",""
"1790749741-34","https://www.amazon.com/gp/video/storefront","","Free romance movies","","","","","","TRENDING","","","TRENDING","","The Duff","My Fault: London","Employee of the Month","The Secret of Moonacre","Forever My Girl","Quigley Down Under","Good Luck Chuck","Beautiful Disaster","Just Jake","","","","","","","","","","","","See more","","https://m.media-amazon.com/images/S/pv-target-images/492bf82b718319ca9b1bd95d4144e2790525cc9cc24a8d426e532fe13cbc859a._UR1920,1080_CLs%7C1920,1080%7C/G/bundle/BottomRightCardGradient16x9.png,/G/01/digital/video/merch/subs/benefit-id/a-f/freewithads/logos/channels-logo-white.png%7C0,0,1920,1080+0,0,1920,1080+1578,847,263,156_kv053498f62d21803ffcbf28da234cfe9f_SX624_FMjpg_.jpg","https://m.media-amazon.com/images/S/pv-target-images/46687645eb140609071c198e4c5ff040acb5f1acd6d76fb44babb056c6be06ea._UR1920,1080_CLs%7C1920,1080%7C/G/bundle/BottomRightCardGradient16x9.png,/G/01/digital/video/merch/subs/benefit-id/a-f/freewithads/logos/channels-logo-white.png%7C0,0,1920,1080+0,0,1920,1080+1578,847,263,156_kv053498f62d21803ffcbf28da234cfe9f_SX624_FMjpg_.jpg","https://m.media-amazon.com/images/S/pv-target-images/1cbd8fbf15522fb6aee997250f8cfb021e773d1b6afe11761c4f6b2eee0133cd._UR1920,1080_CLs%7C1920,1080%7C/G/bundle/BottomRightCardGradient16x9.png,/G/01/digital/video/merch/subs/benefit-id/a-f/freewithads/logos/channels-logo-white.png%7C0,0,1920,1080+0,0,1920,1080+1578,847,263,156_kv053498f62d21803ffcbf28da234cfe9f_SX624_FMjpg_.jpg","https://m.media-amazon.com/images/S/pv-target-images/a7e994f765af58ec63b63e83b6a06b9ae7836054eb254d1fb3e60caa8cc72c2f._UR1920,1080_CLs%7C1920,1080%7C/G/bundle/BottomRightCardGradient16x9.png,/G/01/digital/video/merch/subs/benefit-id/a-f/freewithads/logos/channels-logo-white.png%7C0,0,1920,1080+0,0,1920,1080+1578,847,263,156_kv053498f62d21803ffcbf28da234cfe9f_SX624_FMjpg_.jpg","https://m.media-amazon.com/images/S/pv-target-images/f4ccbcb44b22285dbbfae42a9956ccd47f8de458e53ac08e404e24bc3edff4cf._UR1920,1080_CLs%7C1920,1080%7C/G/bundle/BottomRightCardGradient16x9.png,/G/01/digital/video/merch/subs/benefit-id/a-f/freewithads/logos/channels-logo-white.png%7C0,0,1920,1080+0,0,1920,1080+1578,847,263,156_kv053498f62d21803ffcbf28da234cfe9f_SX624_FMjpg_.jpg","https://m.media-amazon.com/images/S/pv-target-images/2a6548daaf6835cc9c9b1f977150e9a882ce2d81f637eb42b389213cf8a5e057._UR1920,1080_CLs%7C1920,1080%7C/G/bundle/BottomRightCardGradient16x9.png,/G/01/digital/video/merch/subs/benefit-id/a-f/freewithads/logos/channels-logo-white.png%7C0,0,1920,1080+0,0,1920,1080+1578,847,263,156_kv053498f62d21803ffcbf28da234cfe9f_SX624_FMjpg_.jpg","https://m.media-amazon.com/images/S/pv-target-images/c6357cf22e700a0abffd55cbeec11aad5b7388dd1c1b4b86125987fc8048bdcd._UR1920,1080_CLs%7C1920,1080%7C/G/bundle/BottomRightCardGradient16x9.png,/G/01/digital/video/merch/subs/benefit-id/a-f/freewithads/logos/channels-logo-white.png%7C0,0,1920,1080+0,0,1920,1080+1578,847,263,156_kv053498f62d21803ffcbf28da234cfe9f_SX624_FMjpg_.jpg","https://m.media-amazon.com/images/S/pv-target-images/7dd832fd1a70053e7fd9edd741562456fcde24342bc231133debf38fe5bd3f2f._UR1920,1080_CLs%7C1920,1080%7C/G/bundle/BottomRightCardGradient16x9.png,/G/01/digital/video/merch/subs/benefit-id/a-f/freewithads/logos/channels-logo-white.png%7C0,0,1920,1080+0,0,1920,1080+1578,847,263,156_kv053498f62d21803ffcbf28da234cfe9f_SX624_FMjpg_.jpg","https://m.media-amazon.com/images/S/pv-target-images/ed120569d02bffe2e0630cef7810725bf0627b795ea92e8799cec6666a76cadc._UR1920,1080_CLs%7C1920,1080%7C/G/bundle/BottomRightCardGradient16x9.png,/G/01/digital/video/merch/subs/benefit-id/a-f/freewithads/logos/channels-logo-white.png%7C0,0,1920,1080+0,0,1920,1080+1578,847,263,156_kv053498f62d21803ffcbf28da234cfe9f_SX624_FMjpg_.jpg",""
